name,energy_kcal,protein_g,fat_g,carbohydrate_g,sugar_g
Ikan sunu,0.058479532163742694,0.016916666666666667,0.16634146341463416,0.42071881606765327,0.0529850746268656
Soto pekalongan,0.000760233918128655,0.07833333333333334,0.024878048780487803,0.0063424947145877385,0.0507462686567164
Marie duo,0.008771929824561403,0.0008333333333333334,0.01707317073170732,0.029598308668076112,0.0373134328358208
Kaparende,0.000760233918128655,0.03166666666666667,0.012682926829268294,0.00507399577167019,0.0149253731343283
Kacang lebui / iris,0.2023391812865497,0.01375,0.007317073170731707,0.1408033826638478,0.0
The coffe bean & tea leaf pure vanilla ice blended drink,0.23976608187134504,0.0125,0.04390243902439024,0.14799154334038056,0.4701492537313432
Dairy queen banana split,0.30409356725146197,0.007500000000000001,0.06829268292682927,0.1945031712473573,0.5373134328358209
Gembili,0.058479532163742694,0.0008333333333333334,0.005365853658536586,0.2769556025369979,0.2335820895522388
Baked lotus paste mooncake with two egg yolks,0.1304093567251462,0.003375,0.06726829268292682,0.04334038054968288,0.0
Cumi-cumi,0.043859649122807015,0.013416666666666669,0.0034146341463414634,0.00021141649048625794,0.0
Kunyit,0.000760233918128655,0.0575,0.04439024390243902,0.004228329809725159,0.0201492537313432
The coffe bean & tea leaf black forest ice blended drink,0.28654970760233917,0.01,0.04878048780487805,0.18816067653276958,0.5671641791044776
Coklat silverqueen almond,0.09941520467836258,0.0033333333333333335,0.05365853658536585,0.029598308668076112,0.0820895522388059
Daun gedi besar,0.0014035087719298245,0.04833333333333334,0.04878048780487805,0.00613107822410148,0.0052238805970149
Kopi hitam tanpa gula,0.0011695906432748538,0.00023333333333333336,0.00024390243902439024,0.00019027484143763212,0.0
Tumis keumamah,0.17543859649122806,0.012083333333333335,0.0975609756097561,0.03276955602536998,0.0
Regal Biskuit Marie,0.04093567251461988,0.0008333333333333334,0.00975609756097561,0.025369978858350954,0.0
Teh hijau daun kering,0.17543859649122806,0.023583333333333335,0.023414634146341463,0.11331923890063425,0.0
Susu ultra milk rasa coklat 200 ml,0.0935672514619883,0.005,0.01951219512195122,0.05073995771670191,0.0
Frisian flag putih (kental manis),0.08187134502923976,0.0008333333333333334,0.01951219512195122,0.048625792811839326,0.1417910447761194
Sedaap Kecap Manis,0.04093567251461988,0.0008333333333333334,0.0,0.03382663847780127,0.0970149253731343
Outback steackhouse slow roasted prime rib,0.40935672514619886,0.03833333333333334,0.2780487804878049,0.0,0.0
Es krim Diamond vanilla,0.06432748538011696,0.0016666666666666668,0.029268292682926828,0.025369978858350954,0.0671641791044776
Genjer,0.00023391812865497077,0.029166666666666667,0.037560975609756096,0.003594080338266385,0.0014925373134328
Taoge kacang kedelai,0.0005847953216374269,0.06333333333333334,0.03121951219512195,0.019027484143763214,0.0194029850746268
Renggi Goreng,0.2754385964912281,0.003916666666666667,0.10634146341463414,0.13551797040169133,0.0
Saus Char siu (chinese BBQ),0.03508771929824561,0.0,0.0,0.029598308668076112,0.0970149253731343
Daun kedongdong,0.0010526315789473684,0.04916666666666667,0.06536585365853659,0.007399577167019028,0.0022388059701492
Semur jengkol,0.1239766081871345,0.005,0.04878048780487805,0.06152219873150106,0.0
Chatime taro milk tea,0.23333333333333334,0.0016666666666666668,0.058536585365853655,0.14799154334038056,0.4067164179104477
Biokul natural set yogurt,0.04093567251461988,0.004166666666666667,0.004878048780487805,0.021141649048625793,0.0223880597014925
Kambose,0.09590643274853801,0.0025,0.011707317073170732,0.0689217758985201,0.0
Sarden ABC saus tomat,0.058479532163742694,0.01,0.00975609756097561,0.019027484143763214,0.0149253731343283
Parede baleh,0.0008771929824561404,0.07250000000000001,0.026829268292682926,0.022198731501057084,0.0186567164179104
Nasi gurih,0.11111111111111112,0.003916666666666667,0.036585365853658534,0.054968287526427066,0.0
You C100 Orange water,0.0935672514619883,0.0,0.0,0.08456659619450317,0.2985074626865671
Diamond Milk Susu UHT Full Cream,0.07017543859649122,0.005,0.029268292682926828,0.021141649048625793,0.0
Kacang tolo / tunggak,0.1935672514619883,0.02033333333333333,0.009268292682926829,0.11966173361522199,0.0
Keripik tempe abadi besar,0.32514619883040935,0.013166666666666669,0.18097560975609756,0.08414376321353065,0.0
Sunduk lawang,0.10584795321637427,0.0015833333333333333,0.006341463414634147,0.06849894291754757,0.0
Jengkol,0.0005263157894736842,0.16,0.19853658536585367,0.01141649048625793,0.0022388059701492
Ketan putih,0.00011695906432748539,0.13583333333333333,0.17414634146341465,0.0063424947145877385,0.0029850746268656
Susu Ultra Milk Rasa coklat 1000 ml,0.026315789473684213,0.006666666666666667,0.024390243902439025,0.06342494714587738,0.1791044776119403
Jagung kuning,0.0007017543859649122,0.29583333333333334,0.3595121951219512,0.01945031712473573,0.0291044776119402
Padamaran,0.1,0.0032500000000000003,0.04341463414634147,0.039746300211416494,0.0
Beras tumbuk merah,0.0005847953216374269,0.29333333333333333,0.37170731707317073,0.015433403805496829,0.0067164179104477
Karawila,0.014619883040935673,0.0019166666666666666,0.000975609756097561,0.007399577167019028,0.0
Ikan teri nasi,0.058479532163742694,0.027,0.15853658536585366,0.3044397463002114,0.0
Nutrisari Yuzu Orange,0.026315789473684213,0.0,0.0,0.021141649048625793,0.0671641791044776
Sate pusut,0.0016374269005847953,0.22833333333333336,0.06634146341463415,0.027272727272727275,0.1388059701492537
Kue bangen,0.2584795321637427,0.00275,0.07170731707317073,0.1568710359408034,0.0
Burger Carl's Jr the big carl,0.5380116959064327,0.03916666666666667,0.28292682926829266,0.11839323467230445,0.0895522388059701
Coklat manis batang,0.308187134502924,0.0016666666666666668,0.14536585365853658,0.13255813953488374,0.0
Moon tahu,0.07485380116959064,0.006666666666666667,0.04878048780487805,0.0027484143763213532,0.0
Bakwan,0.16374269005847952,0.006833333333333333,0.049756097560975605,0.0824524312896406,0.0
Roti boong,0.19941520467836257,0.004583333333333333,0.07902439024390244,0.09154334038054968,0.0
nestle honey star sereal,0.06432748538011696,0.0008333333333333334,0.004878048780487805,0.052854122621564484,0.0
Es krim Wall's oreo chocolate,0.08187134502923976,0.0016666666666666668,0.01951219512195122,0.04439746300211417,0.1119402985074626
Minyak hati hiu,0.5274853801169591,0.0,0.4878048780487805,0.0,0.0
Onde-onde,0.19649122807017544,0.0033333333333333335,0.04780487804878049,0.12241014799154334,0.0
Sarimi isi 2 ayam bawang,0.2982456140350877,0.010833333333333334,0.0975609756097561,0.14799154334038056,0.0223880597014925
Mie Kuah Gaga 100 Xtra Pedas  Jalapeno,0.07017543859649122,0.007500000000000001,0.06341463414634146,0.09090909090909091,0.0149253731343283
Kin bulgarian style yogurt strawberry,0.02046783625730994,0.0033333333333333335,0.01707317073170732,0.0613107822410148,0.2014925373134328
Lumai / leunca,0.00029239766081871346,0.03166666666666667,0.037073170731707315,0.0023255813953488376,0.0022388059701492
Keripik tempe abadi prima,0.3157894736842105,0.013916666666666667,0.16536585365853657,0.08879492600422834,0.0
Hokben Chicken karaage,0.19883040935672516,0.020833333333333336,0.1,0.03171247357293869,0.0
Kwaci,0.30116959064327486,0.025500000000000002,0.2053658536585366,0.029175475687103596,0.0
Sawo duren,0.03742690058479532,0.0008333333333333334,0.015121951219512195,0.016913319238900635,0.0
Subway Turkey breast sandwich,0.16374269005847952,0.015000000000000001,0.01707317073170732,0.09725158562367865,0.0522388059701492
Qtela Tempe,0.06432748538011696,0.0033333333333333335,0.03414634146341464,0.016913319238900635,0.0
Telur burung maleo,0.00046783625730994154,0.36333333333333334,0.001951219512195122,0.056025369978858354,0.2708955223880597
Marie salut cokelat,0.052631578947368425,0.0008333333333333334,0.01707317073170732,0.027484143763213533,0.044776119402985
Nabati HANSEL,0.04093567251461988,0.0016666666666666668,0.01951219512195122,0.014799154334038056,0.0373134328358208
Kacang panjang biji,0.20877192982456141,0.014416666666666668,0.007317073170731707,0.14503171247357294,0.0
Koro roay,0.20116959064327486,0.010416666666666668,0.01024390243902439,0.14672304439746303,0.0
Bolu peca,0.1152046783625731,0.00275,0.0224390243902439,0.07526427061310782,0.0
air putih / air mineral / air minum,0.0,0.0,0.0,0.0,0.0
Mr. Bread Roti tawar gandum,0.11637426900584795,0.005833333333333334,0.014634146341463414,0.07610993657505286,0.0149253731343283
Kacang hijau var. Siwalik,0.0021637426900584797,0.28250000000000003,0.31512195121951214,0.04397463002114165,0.0156716417910447
Ikan Lehoma,0.0006432748538011696,0.07500000000000001,0.0,0.04312896405919662,0.0067164179104477
Wingko babat,0.20760233918128657,0.002666666666666667,0.07365853658536585,0.10866807610993658,0.0
Permen frozz mint,0.0,0.0,0.0,0.0021141649048625794,0.0
Daun kecipir,0.0005847953216374269,0.043333333333333335,0.041463414634146344,0.010570824524312896,0.003731343283582
Frisian flag french vanilla low fat,0.06432748538011696,0.005833333333333334,0.012195121951219513,0.03382663847780127,0.1194029850746268
Cumi-cumi goreng,0.15497076023391812,0.03383333333333333,0.049268292682926824,0.0,0.0
Melinjo emping tipis goreng,0.28362573099415206,0.009583333333333334,0.11951219512195121,0.12494714587737844,0.0
Apem,0.00029239766081871346,0.12333333333333334,0.16536585365853657,0.004228329809725159,0.003731343283582
Beef teriyaki,0.08830409356725147,0.007166666666666667,0.015121951219512195,0.04714587737843552,0.0
Saori Saus Tiram,0.0029239766081871343,0.0,0.0,0.004228329809725159,0.0
Ketan hitam,0.0003508771929824561,0.13833333333333334,0.16780487804878047,0.008033826638477801,0.0074626865671641
Gete kuah asam,0.0022222222222222222,0.0625,0.029268292682926828,0.017336152219873148,0.0149253731343283
Duwet,0.00029239766081871346,0.06666666666666667,0.08878048780487804,0.0010570824524312897,0.0044776119402985
Mie Lemonilo ayam bawang,0.156140350877193,0.007500000000000001,0.01951219512195122,0.10359408033826639,0.0074626865671641
Bouiki ninahu nggaluku,0.0030994152046783627,0.07833333333333334,0.0526829268292683,0.01649048625792812,0.0164179104477611
Coklat pahit batang,0.35964912280701755,0.004583333333333333,0.2078048780487805,0.061733615221987316,0.0
Supermi ayam Bawang,0.07602339181286549,0.005833333333333334,0.07317073170731707,0.09725158562367865,0.0149253731343283
Coco pops,0.07017543859649122,0.0016666666666666668,0.0024390243902439024,0.054968287526427066,0.0895522388059701
Buah naga merah,0.00023391812865497077,0.05916666666666667,0.04439024390243902,0.003594080338266385,0.0231343283582089
Gulai keumamah,0.000760233918128655,0.09166666666666667,0.015609756097560976,0.012473572938689219,0.0611940298507462
Ampas tahu kukus,0.043859649122807015,0.0034166666666666664,0.01024390243902439,0.022621564482029597,0.0
Cold Stone Creamery chocolate Devotion,0.5087719298245614,0.010833333333333334,0.21951219512195122,0.22832980972515857,0.6791044776119403
Lepok / Ubi rumput,0.10584795321637427,0.0023333333333333335,0.005853658536585366,0.08414376321353065,0.0
Rajungan,0.0015789473684210528,0.06333333333333334,0.011707317073170732,0.02558139534883721,0.0149253731343283
Permen mentos peppermint,0.0029239766081871343,0.0,0.0,0.0021141649048625794,0.0
Pop mie kuah pedes dower,0.2105263157894737,0.005,0.07804878048780488,0.09725158562367865,0.0298507462686567
Ketimun madura,0.00023391812865497077,0.007500000000000001,0.009268292682926829,0.0010570824524312897,0.0007462686567164
Getuk goreng,0.2105263157894737,0.0010833333333333335,0.03121951219512195,0.15708245243128965,0.0
Laksa/Putu mayang,0.07076023391812866,0.0014166666666666668,0.016585365853658537,0.04460887949260043,0.0
Ultramilk law fat source of calcium,0.052631578947368425,0.005833333333333334,0.012195121951219513,0.023255813953488372,0.0
Kacang urei,0.20701754385964913,0.010666666666666668,0.00878048780487805,0.14651162790697675,0.0
Ganyong,0.0005263157894736842,0.06416666666666668,0.0897560975609756,0.0012684989429175475,0.0014925373134328
Keju,0.19064327485380117,0.019000000000000003,0.09902439024390244,0.027695560253699788,0.0
Bebek (itik),0.058479532163742694,0.0009166666666666668,0.07804878048780488,0.678646934460888,0.0
Sagu Lemak (Kue Sagon),0.26432748538011697,0.0023333333333333335,0.07219512195121952,0.16236786469344608,0.0
Buah kelenting,0.0007017543859649122,0.09166666666666667,0.10439024390243902,0.002959830866807611,0.0156716417910447
Masekat,0.21578947368421053,0.0017500000000000003,0.03414634146341464,0.15665961945031712,0.0
Bakpia,0.0009356725146198831,0.22666666666666668,0.2151219512195122,0.01839323467230444,0.05
Coklat susu batang,0.3304093567251462,0.007500000000000001,0.17073170731707318,0.11331923890063425,0.0
Es teh manis,0.052631578947368425,"1,67E+11",0.0,0.049556025369978864,0.0
Cap cai / capcay / cap cay,0.0005847953216374269,0.08083333333333334,0.02048780487804878,0.01226215644820296,0.0470149253731343
Keju cheddar,0.23625730994152047,0.019058333333333337,0.16248780487804879,0.00653276955602537,0.0
Sawo kecik,0.0649122807017544,0.00075,0.01121951219512195,0.04566596194503172,0.0
Keju kraft cheddar,0.04093567251461988,0.0033333333333333335,0.024390243902439025,0.004228329809725159,0.0
Starbucks hot caffe mocha (notfat milk),0.14619883040935672,0.010833333333333334,0.012195121951219513,0.08879492600422834,0.0
Koya,0.21403508771929824,0.0035000000000000005,0.02097560975609756,0.1638477801268499,0.0
Mi golosor,0.04152046783625731,0.0001666666666666667,0.003902439024390244,0.033615221987315015,0.0
Good day cappuccino,0.09941520467836258,0.0008333333333333334,0.01707317073170732,0.06765327695560254,0.1865671641791044
Susu asam untuk bayi,0.0023391812865497076,0.34833333333333333,0.3195121951219512,0.04016913319238901,0.0671641791044776
Kacang bogor kering,0.21637426900584797,0.013333333333333334,0.029268292682926828,0.13742071881606766,0.0
Khong guan malkist seaweed,0.052631578947368425,0.0008333333333333334,0.01707317073170732,0.025369978858350954,0.0149253731343283
Cantel / sorgum,0.0009941520467836257,0.305,0.35609756097560974,0.023255813953488372,0.0246268656716417
Daun bluntas,0.0013450292397660817,0.03666666666666667,0.045853658536585365,0.003805496828752643,0.003731343283582
Margarine,0.4210526315789474,0.0005,0.3951219512195122,0.0008456659619450318,0.0
Pocari sweat,0.04093567251461988,0.0,0.0,0.03594080338266385,0.1194029850746268
Starbucks iced caffe latte (wholemilk),0.07017543859649122,0.006666666666666667,0.03414634146341464,0.027484143763213533,0.0
Susu kental manis,0.20058479532163742,0.006833333333333333,0.04878048780487805,0.11627906976744186,0.0
Royco sup krim ayam,0.029239766081871347,0.0016666666666666668,0.004878048780487805,0.019027484143763214,0.0149253731343283
Keong,0.0023391812865497076,0.05333333333333334,0.00975609756097561,0.025369978858350954,0.0074626865671641
Daging Ayam ,0.0005263157894736842,0.24833333333333335,0.0,0.038477801268498944,0.1865671641791044
Daun pangi,0.0008771929824561404,0.08666666666666667,0.0873170731707317,0.00824524312896406,0.0044776119402985
Snow skin lotus paste mooncake,0.10935672514619883,0.0017666666666666668,0.039219512195121944,0.05572938689217759,0.0
Adem sari herbal lemon,0.03508771929824561,0.0,0.0,0.03382663847780127,0.1044776119402985
Pucuk lumai / daun leunca,0.000760233918128655,0.0275,0.013658536585365854,0.009513742071881607,0.0029850746268656
Ayam goreng church texas,0.000760233918128655,0.24583333333333335,0.007317073170731707,0.0718816067653277,0.1194029850746268
Wortel rebus,0.016374269005847954,0.0005833333333333334,0.0024390243902439024,0.01331923890063425,0.0
Babi,0.058479532163742694,0.00125,0.09609756097560976,0.27272727272727276,0.0126865671641791
Gekikara ramen 109 gram,0.0935672514619883,0.007500000000000001,0.08780487804878048,0.15644820295983086,0.0298507462686567
Kopi Indocafe coffemix 3 in 1,0.052631578947368425,0.0008333333333333334,0.00975609756097561,0.03594080338266385,0.0970149253731343
Sprite 390 ml,0.0,0.0,0.0,0.052854122621564484,0.1865671641791044
Nutri boost orange,0.09941520467836258,0.0016666666666666668,0.007317073170731707,0.07822410147991543,0.0
Ketan putih,"5,85E+10",0.14333333333333334,0.18292682926829268,0.0063424947145877385,0.003731343283582
Rempeyek kacang tanah,0.3,0.014583333333333334,0.15853658536585366,0.09365750528541227,0.0
Kacang merah / banda,0.20467836257309943,0.011583333333333334,0.014634146341463414,0.14143763213530658,0.0
Kacang gude,0.0013450292397660817,0.095,0.10146341463414635,0.014799154334038056,0.0044776119402985
Mr. Bread Roti tawar choco chips,0.13274853801169592,0.005833333333333334,0.024390243902439025,0.08139534883720931,0.0597014925373134
Royco kaldu sapi,0.0,0.0,0.0,0.0,0.0
Frisian Flag kental manis kemasan ekonomis 560 gram,0.08187134502923976,0.0008333333333333334,0.1951219512195122,0.048625792811839326,0.1417910447761194
Starbucks iced caffe latte (notfat milk),0.052631578947368425,0.006666666666666667,0.0,0.027484143763213533,0.0
Starbucks hot caffe latte (notfat milk),0.07602339181286549,0.010833333333333334,0.0,0.042283298097251586,0.0
Tempe kedelai murni goreng,0.20467836257309943,0.020416666666666666,0.12975609756097561,0.021987315010570826,0.0
Chitato keripik kentang rasa original,0.058479532163742694,0.0008333333333333334,0.024390243902439025,0.025369978858350954,0.0
Whiskey,0.14619883040935672,0.0,0.0,0.00021141649048625794,0.0
Beras ketan hitam tumbuk,0.0008771929824561404,0.30000000000000004,0.36341463414634145,0.016913319238900635,0.0171641791044776
Khong Guan Malkist abon,0.04678362573099415,0.0016666666666666668,0.014634146341463414,0.027484143763213533,0.0223880597014925
Oreo,0.08187134502923976,0.0008333333333333334,0.029268292682926828,0.04439746300211417,0.0820895522388059
kurma,0.1649122807017544,0.002041666666666667,0.0019024390243902439,0.15862579281183933,0.0
Nopia spesial,0.22631578947368422,0.004416666666666667,0.037073170731707315,0.15708245243128965,0.0
Cheesecake Factory Oreo dream extreme cheesecake,0.9473684210526316,0.014166666666666668,0.48292682926829267,0.37632135306553915,1.0
Sedaap Tasty bakmi ayam geprek matah,0.11111111111111112,0.011666666666666667,0.1024390243902439,0.17124735729386892,0.0149253731343283
Sate bandeng,0.1654970760233918,0.010083333333333333,0.08195121951219513,0.044186046511627906,0.0
Daun kemang,0.0009941520467836257,0.035833333333333335,0.036585365853658534,0.011627906976744186,0.0022388059701492
Saus sambal ABC,0.016374269005847954,0.0,0.0,0.012684989429175477,0.0373134328358208
Coklat Hershey's kisses milk chocolate,0.012865497076023392,0.00025,0.006341463414634147,0.005919661733615222,0.0194029850746268
Ikan Tempahas,0.0005263157894736842,0.08416666666666667,0.004878048780487805,0.03192389006342495,0.0305970149253731
Sapi,0.058479532163742694,0.005,0.07804878048780488,0.6109936575052854,0.0
Chitato fresh potato,0.06432748538011696,0.0008333333333333334,0.029268292682926828,0.025369978858350954,0.0
Oncom ampas kacang hijau,0.2198830409356725,0.012416666666666668,0.029268292682926828,0.13890063424947147,0.0
good day mocacino,0.052631578947368425,0.0008333333333333334,0.00975609756097561,0.03382663847780127,0.0970149253731343
Lamtoro var. lokal dengan kulit,0.19649122807017544,0.019833333333333335,0.005853658536585366,0.12621564482029599,0.0
Teh botol sosro original,0.08187134502923976,0.0,0.0,0.0718816067653277,0.2388059701492537
Daun leilem,0.0010526315789473684,0.06333333333333334,0.07707317073170732,0.005919661733615222,0.0014925373134328
Mcdonald Mc double,0.22222222222222224,0.01916666666666667,0.08780487804878048,0.0718816067653277,0.0522388059701492
Keripik tempe abadi telur,0.30935672514619883,0.017333333333333336,0.1546341463414634,0.0849894291754757,0.0
Angsa,0.058479532163742694,0.0008333333333333334,0.07999999999999999,0.7378435517970402,0.0
Keripik tempe abadi sedang,0.2982456140350877,0.01025,0.13609756097560974,0.11078224101479915,0.0
Goodday Funtastic mocacinno,0.08187134502923976,0.0025,0.012195121951219513,0.054968287526427066,0.1343283582089552
lovamil minuman khusus ibu hamil dan menyusui rasa kacang hijau,0.0935672514619883,0.006666666666666667,0.014634146341463414,0.052854122621564484,0.0
Wortel kukus,0.021637426900584796,0.0008333333333333334,0.002926829268292683,0.01754756871035941,0.0
Mie bendo,0.2064327485380117,0.00025,0.0,0.18604651162790697,0.0
Cheesecake Factory oreo milkshake,0.9824561403508772,0.022500000000000003,0.4585365853658537,0.386892177589852,0.9776119402985074
Roma Marie Gold,0.052631578947368425,0.0016666666666666668,0.014634146341463414,0.03171247357293869,0.0298507462686567
Supermi Extra Mie Goreng rasa Ayam pangsit,0.2982456140350877,0.008333333333333333,0.1024390243902439,0.14799154334038056,0.0
Buah mentega (Bisbul),0.00023391812865497077,0.0325,0.0473170731707317,0.0014799154334038055,0.0014925373134328
Karedok,0.0008187134502923977,0.07666666666666667,0.06878048780487804,0.004651162790697675,0.0246268656716417
Mie sedap instan goreng kriuk,0.0935672514619883,0.007500000000000001,0.08780487804878048,0.12050739957716702,0.044776119402985
Ice Cone,0.11111111111111112,0.004166666666666667,0.02195121951219512,0.06765327695560254,0.1791044776119403
Ikan Balong,0.0008771929824561404,0.08916666666666667,0.007317073170731707,0.03488372093023256,0.0291044776119402
TOPOKI Mujigae,0.23976608187134504,0.009166666666666667,0.03414634146341464,0.1649048625792812,0.0
ABC EXO milk coffe,0.0935672514619883,0.006666666666666667,0.11707317073170731,0.05073995771670191,0.1641791044776119
Kalio jeroan,0.0008771929824561404,0.13583333333333333,0.019999999999999997,0.03488372093023256,0.0671641791044776
Starbucks butter croissant,0.15204678362573099,0.004166666666666667,0.07317073170731707,0.05708245243128964,0.0373134328358208
Daun mengkudu,0.0011695906432748538,0.05416666666666667,0.055609756097560976,0.008456659619450317,0.0126865671641791
Sagu sinole,0.20701754385964913,0.0006666666666666668,0.04048780487804878,0.14566596194503173,0.0
Nasi rames,0.09064327485380116,0.008583333333333335,0.02048780487804878,0.04038054968287527,0.0
MAESTRO MAYONAISE,0.052631578947368425,0.0,0.04390243902439024,0.004228329809725159,0.0
Susu Ultra Milk Low Fat,0.052631578947368425,0.005833333333333334,0.012195121951219513,0.023255813953488372,0.0
Ikan Baronang,0.0007017543859649122,0.065,0.01804878048780488,0.0306553911205074,0.0044776119402985
ROYCO BUMBU AYAM SAUS TELUR ASIN,0.017543859649122806,0.0008333333333333334,0.007317073170731707,0.004228329809725159,0.0
Keju parmesan,0.2456140350877193,0.023683333333333337,0.1358048780487805,0.02940803382663848,0.0
Beras cerdas,0.20467836257309943,0.0022500000000000003,0.005365853658536586,0.17399577167019029,0.0
Indomie Goreng Rasa Rendang,0.08771929824561403,0.007500000000000001,0.07804878048780488,0.12473572938689219,0.0671641791044776
Biokul plain yogurt,0.052631578947368425,0.004166666666666667,0.0024390243902439024,0.03171247357293869,0.0522388059701492
Mr. Bread Roti tawar kupas,0.0695906432748538,0.0037500000000000003,0.00975609756097561,0.045454545454545456,0.0074626865671641
Jukku pallu kaloa,0.0013450292397660817,0.0125,0.042926829268292686,0.032135306553911204,0.0320895522388059
Mcdonald Mcnugget,0.15789473684210525,0.0125,0.07804878048780488,0.03382663847780127,0.0
Ayam,0.058479532163742694,0.0013333333333333335,0.06731707317073171,0.15856236786469347,0.0052238805970149
Teh Kotak Rasa Lemon,0.058479532163742694,0.0,0.0,0.048625792811839326,0.1492537313432835
Jambu air,0.00046783625730994154,0.03833333333333334,0.0575609756097561,0.0012684989429175475,0.0014925373134328
SUN Bubur Bayi,0.0935672514619883,0.0033333333333333335,0.012195121951219513,0.06553911205073996,0.0
Eceng,0.0011695906432748538,0.015833333333333335,0.018536585365853658,0.0021141649048625794,0.0014925373134328
Jagung muda,0.00046783625730994154,0.11833333333333335,0.14780487804878048,0.010570824524312896,0.0052238805970149
Getuk pisang,0.08421052631578947,0.0009166666666666668,0.001951219512195122,0.07209302325581396,0.0
Lupis ketan,0.09590643274853801,0.0015,0.01024390243902439,0.07293868921775899,0.0
Jambu monyet,0.00017543859649122806,0.05333333333333334,0.07707317073170732,0.0014799154334038055,0.0044776119402985
Kacang goyang,0.3017543859649123,0.01225,0.15170731707317073,0.09386892177589852,0.0
Mie Sedaap Cup Mi Kuah Soto,0.21637426900584797,0.006666666666666667,0.07804878048780488,0.10147991543340382,0.0149253731343283
Nutricake Brownies Coklat,0.0935672514619883,0.0016666666666666668,0.012195121951219513,0.06976744186046512,0.0
Starbucks caffe americano,0.008771929824561403,0.0008333333333333334,0.0,0.0063424947145877385,0.0
vanhouten cocoa powder,0.07017543859649122,0.005,0.01951219512195122,0.03171247357293869,0.0
Bawang bombay,0.0003508771929824561,0.035833333333333335,0.05024390243902439,0.002959830866807611,0.0014925373134328
Tepung Arrowroot,0.20760233918128657,0.0005833333333333334,0.000975609756097561,0.18012684989429176,0.0
Honey Stars,0.06432748538011696,0.0008333333333333334,0.0024390243902439024,0.052854122621564484,0.0597014925373134
Kelawi,0.058479532163742694,0.0008333333333333334,0.007317073170731707,0.24947145877378438,0.2029850746268656
Bagea kw 1,0.2432748538011696,0.005416666666666667,0.045853658536585365,0.1613107822410148,0.0
Tepung Mocaf,0.20467836257309943,0.001,0.002926829268292683,0.17970401691331925,0.0
Indomie mi rendang,0.2456140350877193,0.007500000000000001,0.07804878048780488,0.12473572938689219,0.0671641791044776
Mangga harumanis,0.00046783625730994154,0.03833333333333334,0.05804878048780488,0.0008456659619450318,0.0014925373134328
Kaholeo,0.0061403508771929825,0.3441666666666667,0.14536585365853658,0.06067653276955603,0.1477611940298507
Origo coffe es kopi susu,0.11169590643274854,0.005191666666666667,0.03521951219512195,0.05471458773784355,0.1530597014925373
Daun pare,0.0009356725146198831,0.04083333333333333,0.04097560975609756,0.005708245243128965,0.0074626865671641
Mie Sedaap instan white curry,0.2105263157894737,0.006666666666666667,0.06829268292682927,0.10570824524312897,0.0223880597014925
Bantal,0.11111111111111112,0.00275,0.0014634146341463415,0.0919661733615222,0.0
Sarimi Gelas Rasa Soto Ayam,0.03508771929824561,0.0025,0.03414634146341464,0.03382663847780127,0.0149253731343283
MYTEA Teh Oolong 450 ml,0.0,0.0,0.0,0.03805496828752643,0.0
Kuaci Rebo green tea,0.06432748538011696,0.005,0.04390243902439024,0.004228329809725159,0.0074626865671641
Nestle corn flakes,0.06432748538011696,0.0016666666666666668,0.0024390243902439024,0.05073995771670191,0.0
Mi ABC cup soto ayam,0.16374269005847952,0.005833333333333334,0.06341463414634146,0.0718816067653277,0.0149253731343283
Kembang tahu,0.22222222222222224,0.04075,0.06731707317073171,0.049260042283298104,0.0
Ikan Bandeng,0.0007017543859649122,0.10250000000000001,0.0,0.042283298097251586,0.035820895522388
Kacang sukro,0.28304093567251465,0.007333333333333334,0.1273170731707317,0.12198731501057083,0.0
Susu dancow rasa coklat,0.0935672514619883,0.004166666666666667,0.029268292682926828,0.048625792811839326,0.0
Arrowroot,0.0007017543859649122,0.085,0.1175609756097561,0.0021141649048625794,0.0014925373134328
Starbucks cappuccino (wholemilk),0.08187134502923976,0.005833333333333334,0.03414634146341464,0.025369978858350954,0.0
kopi seduh,0.0029239766081871343,0.0006166666666666667,0.0,0.0008879492600422834,0.0
Cornetto Silverqueen,0.06432748538011696,0.0025,0.058536585365853655,0.059196617336152224,0.1343283582089552
Mie Lemonilo kari ayam,0.15789473684210525,0.006666666666666667,0.024390243902439025,0.10147991543340382,0.0074626865671641
Bamboe Bumbu Rawon,0.008771929824561403,0.0008333333333333334,0.007317073170731707,0.004228329809725159,0.0074626865671641
Kacang mete/biji jambu monyet goreng,0.3678362573099415,0.017,0.2746341463414634,0.041860465116279076,0.0
Daun ndusuk,0.0017543859649122807,0.13833333333333334,0.1892682926829268,0.003594080338266385,0.003731343283582
Kotiu hinela tawang nggole,0.026900584795321637,0.0018333333333333335,0.007317073170731707,0.012684989429175477,0.0
Fruit Tea yuzu,0.1286549707602339,0.0,0.0,0.11416490486257928,0.3731343283582089
yuzu tea,0.08187134502923976,0.0,0.0,0.0718816067653277,0.0
Keju Snow Brand Cheddar,0.058479532163742694,0.004166666666666667,0.03902439024390244,0.004228329809725159,0.0
Sonice Chicken nugget,0.14619883040935672,0.013333333333333334,0.06829268292682927,0.029598308668076112,0.0
KFC extra crispy paha bawah,0.09941520467836258,0.008333333333333333,0.058536585365853655,0.010570824524312896,0.0
Tony roma's onion loaf (full,0.013450292397660818,1.0,1.0,0.048625792811839326,0.1716417910447761
SUPERIOR Bihun Jagung urai,0.14619883040935672,0.0,0.0,0.12896405919661735,0.0
Roti warna sawo matang,0.1456140350877193,0.006583333333333334,0.007317073170731707,0.1050739957716702,0.0
Tauco cap DAS,0.0044444444444444444,0.29833333333333334,0.3434146341463415,0.015856236786469344,0.0320895522388059
Paria putih kukus,0.00935672514619883,0.0006666666666666668,0.000975609756097561,0.00718816067653277,0.0
Daun jambu mente muda,0.00040935672514619883,0.065,0.07902439024390244,0.009725158562367865,0.003731343283582
Burger double whopper,0.5263157894736842,0.04,0.28292682926829266,0.10359408033826639,0.0820895522388059
Kacang hijau var. Bakti,0.0018128654970760234,0.2916666666666667,0.34487804878048783,0.03615221987315011,0.0134328358208955
Keripik tempe abadi murni,0.3169590643274854,0.03358333333333333,0.20682926829268292,0.02452431289640592,0.0
Tauco cap beruang,0.004912280701754386,0.2891666666666667,0.32975609756097557,0.01564482029598309,0.0388059701492537
Kerupuk kemplang panggang,0.20818713450292398,0.008083333333333333,0.005365853658536586,0.16257928118393236,0.0
Woku ubi,0.08362573099415205,0.0025833333333333337,0.03804878048780488,0.03171247357293869,0.0
Fox's Fruits,0.008771929824561403,0.0,0.0,0.008456659619450317,0.0223880597014925
Ayam goreng poineer,0.0015789473684210528,0.24583333333333335,0.002926829268292683,0.07906976744186046,0.1097014925373134
Keju greenfields ricotta,0.06432748538011696,0.0033333333333333335,0.04390243902439024,0.004228329809725159,0.0074626865671641
Indomie goreng Jumbo,0.32748538011695905,0.0175,0.06341463414634146,0.16913319238900634,0.0970149253731343
Beras giling var pelita,0.0003508771929824561,0.3075,0.3760975609756097,0.020084566596194505,0.0104477611940298
Cimory Yogurt Squeeze Peach,0.04093567251461988,0.0016666666666666668,0.00975609756097561,0.023255813953488372,0.0
Melinjo emping tebal goreng manis,0.2567251461988304,0.008333333333333333,0.07999999999999999,0.13890063424947147,0.0
Yogurt frozen pinkberry (Besar),0.2280701754385965,0.0125,0.004878048780487805,0.17124735729386892,0.5746268656716418
Sagu lempeng,0.20292397660818715,0.00075,0.0014634146341463415,0.18012684989429176,0.0
Bamboe soto daging,0.0029239766081871343,0.0008333333333333334,0.0024390243902439024,0.004228329809725159,0.0074626865671641
Jagung,0.0007017543859649122,0.29583333333333334,0.3595121951219512,0.01945031712473573,0.0291044776119402
Saladstop Hail caesar w/o chicken,0.27596491228070175,0.019000000000000003,0.1673170731707317,0.04016913319238901,0.0261194029850746
Masako Kaldu Ayam,0.0,0.0,0.0,0.0,0.0
Enting-enting gepuk hello kity,0.3146198830409357,0.011333333333333334,0.14780487804878048,0.11120507399577167,0.0
Cimory Fresh Milk Cashew,0.15204678362573099,0.008333333333333333,0.04390243902439024,0.06976744186046512,0.0
Outback steackhouse Victoria's Filet,0.1871345029239766,0.04416666666666667,0.058536585365853655,0.0,0.0
Kereput,0.3391812865497076,0.004,0.19317073170731708,0.10803382663847781,0.0
Kopi Indocafe cappuccino,0.06432748538011696,0.0016666666666666668,0.014634146341463414,0.04016913319238901,0.1044776119402985
Rambutan binjai,0.044444444444444446,0.0004166666666666667,0.000975609756097561,0.03805496828752643,0.0
nestle sereal corn flakes,0.06432748538011696,0.0016666666666666668,0.0024390243902439024,0.05073995771670191,0.0
Yangko,0.14853801169590644,0.0025,0.005365853658536586,0.12283298097251587,0.0
Gurandil,0.12748538011695906,0.0004166666666666667,0.012195121951219513,0.1025369978858351,0.0
Kapusa,0.09239766081871345,0.003666666666666667,0.015609756097560976,0.05877378435517971,0.0
Tumis bayam bersantan,0.028070175438596492,0.0011666666666666668,0.02048780487804878,0.0054968287526427064,0.0
Dodol Banjarmasin,0.2152046783625731,0.002166666666666667,0.04195121951219512,0.14799154334038056,0.0
Mixed nut and Ham Mooncake,0.14327485380116958,0.0045000000000000005,0.07463414634146341,0.04520084566596194,0.0
Good time double choc,0.017543859649122806,0.0008333333333333334,0.01707317073170732,0.023255813953488372,0.0298507462686567
Soto banjar,0.00040935672514619883,0.09166666666666667,0.015609756097560976,0.00613107822410148,0.0708955223880597
Nestle Carnation (kental manis),0.058479532163742694,0.0008333333333333334,0.014634146341463414,0.03594080338266385,0.1194029850746268
Bagea kelapa asin,0.2631578947368421,0.002666666666666667,0.06780487804878049,0.16511627906976745,0.0
Suweg,0.058479532163742694,0.001,0.006829268292682927,0.15644820295983086,0.1283582089552238
Yogurt greek heavenly blush honey,0.10526315789473685,0.004166666666666667,0.04878048780487805,0.03805496828752643,0.0671641791044776
Mie gaga,0.1929824561403509,0.007500000000000001,0.06341463414634146,0.09513742071881608,0.0
Susu Ultra Rasa Strawberry,0.08187134502923976,0.005,0.01707317073170732,0.046511627906976744,0.0
Coklat bubuk,0.18187134502923977,0.006666666666666667,0.01951219512195122,0.10338266384778012,0.0
Mcdonald Double cheeseburger,0.25146198830409355,0.020833333333333336,0.1024390243902439,0.07399577167019028,0.0522388059701492
WRP on the go (cokelat),0.08771929824561403,0.005833333333333334,0.014634146341463414,0.05073995771670191,0.1194029850746268
Ikan Gete goreng,0.156140350877193,0.019250000000000003,0.0946341463414634,0.0004228329809725159,0.0
Ikan Baung,0.0007017543859649122,0.10250000000000001,0.016097560975609757,0.03192389006342495,0.0410447761194029
Lemon pepper (classic wings),0.10526315789473685,0.0125,0.06341463414634146,0.0021141649048625794,0.0
Kue jahe,0.24853801169590645,0.0013333333333333335,0.042926829268292686,0.1788583509513742,0.0
Susu Ultra Milk Full cream (kotak),0.08771929824561403,0.006666666666666667,0.03902439024390244,0.025369978858350954,0.0
Kacang mete/biji jambu monyet,0.36023391812865496,0.013583333333333334,0.23609756097560974,0.06067653276955603,0.0
Qtela tempe original,0.04093567251461988,0.0033333333333333335,0.03414634146341464,0.016913319238900635,0.0
Sapi,0.058479532163742694,0.0011666666666666668,0.09609756097560976,0.27906976744186046,0.044776119402985
Biji kopi,0.23333333333333334,0.010333333333333335,0.07512195121951219,0.13255813953488374,0.0
Super Bubur dengan kuah kari,0.02046783625730994,0.0025,0.01707317073170732,0.07610993657505286,0.0074626865671641
Tepung hunkwe (pati kacang ijo),0.2128654970760234,0.0037500000000000003,0.004878048780487805,0.17653276955602537,0.0
Bakso,0.11812865497076024,0.010341666666666667,0.06419512195121951,0.016025369978858353,0.0
Ketan hitam,0.0003508771929824561,0.15083333333333335,0.18195121951219512,0.008456659619450317,0.008955223880597
Sirup Tropicana sirup slim sirup orange,0.0029239766081871343,0.0,0.0,0.0,0.0
Bagea kw 2,0.22339181286549709,0.00025,0.01707317073170732,0.18435517970401694,0.0
Permen Mintz Duomint,0.0,0.0,0.0,0.004228329809725159,0.0149253731343283
Beras,0.058479532163742694,0.0004166666666666667,0.03414634146341464,0.7463002114164905,0.5970149253731343
Morin Mixed fruit Jam,0.0,0.0,0.0,0.023255813953488372,0.0671641791044776
.Heavenly Blush,0.052631578947368425,0.0016666666666666668,0.012195121951219513,0.03171247357293869,0.0373134328358208
Eskrim paddle pop choco magma,0.04093567251461988,0.0008333333333333334,0.012195121951219513,0.025369978858350954,0.0597014925373134
Susu ibu - ASI,0.03625730994152047,0.00125,0.015609756097560976,0.014799154334038056,0.0
Pop mie rasa kari ayam,0.20467836257309943,0.005833333333333334,0.07804878048780488,0.09513742071881608,0.0298507462686567
Starbucks hot caffe latte (whole milk),0.13450292397660818,0.01,0.058536585365853655,0.04016913319238901,0.0
Lays 14g,0.04093567251461988,0.0008333333333333334,0.03414634146341464,0.021141649048625793,0.0
Starbucks java chip frappuccino (wholemilk),0.20467836257309943,0.005833333333333334,0.024390243902439025,0.1437632135306554,0.0
Bungkil kacang tanah,0.19649122807017544,0.03116666666666667,0.06341463414634146,0.06448202959830868,0.0
Daun kol sawi,0.00040935672514619883,0.018333333333333333,0.0175609756097561,0.004439746300211417,0.003731343283582
Biskuit choco mania,0.058479532163742694,0.0008333333333333334,0.02195121951219512,0.029598308668076112,0.0522388059701492
Bou ninahu ndamate,0.0012280701754385965,0.06583333333333334,0.005365853658536586,0.01331923890063425,0.0074626865671641
Putri selat,0.09532163742690059,0.0018333333333333335,0.03170731707317073,0.029175475687103596,0.0
Yogurt greek yummy blueberry,0.08187134502923976,0.006666666666666667,0.01707317073170732,0.04016913319238901,0.0746268656716417
Ikan Beunteur,0.005263157894736842,0.09083333333333334,0.0,0.03594080338266385,0.0298507462686567
Teh hitam daun kering,0.17134502923976608,0.020416666666666666,0.013658536585365854,0.12431289640591967,0.0
abc kopi susu,0.07602339181286549,0.0008333333333333334,0.012195121951219513,0.05708245243128964,0.0
Es krim Aice coklat sundae,0.058479532163742694,0.0016666666666666668,0.01951219512195122,0.029598308668076112,0.0597014925373134
Bayam merah,0.0012865497076023392,0.03416666666666667,0.03073170731707317,0.004651162790697675,0.0059701492537313
Kacang ercis,0.0005847953216374269,0.10750000000000001,0.08926829268292684,0.026215644820295984,0.0052238805970149
Asinan bogor,0.00040935672514619883,0.08166666666666667,0.07219512195121952,0.00824524312896406,0.0194029850746268
Susu WRP loses weight coklat,0.1286549707602339,0.011666666666666667,0.029268292682926828,0.05708245243128964,0.1492537313432835
Kalio kikil (tunjang),0.000760233918128655,0.10166666666666667,0.01902439024390244,0.029175475687103596,0.0425373134328358
ABC Kecap Asin,0.0029239766081871343,0.0008333333333333334,0.0,0.0021141649048625794,0.0
Buah naga putih,0.0003508771929824561,0.04666666666666667,0.05317073170731707,0.0016913319238900635,0.0074626865671641
Jagung pipil var,0.058479532163742694,0.0010833333333333335,0.026829268292682926,0.7780126849894292,0.582089552238806
Kacang bogor segar,0.09649122807017545,0.006416666666666667,0.015121951219512195,0.057928118393234675,0.0
Chatime pearl milk tea,0.21871345029239767,0.0008333333333333334,0.05365853658536585,0.1416490486257928,0.2947761194029851
Aqua,0.0,0.0,0.0,0.0,0.0
Bingka,0.15964912280701754,0.004416666666666667,0.05170731707317073,0.08266384778012685,0.0
Enting-enting wijen,0.3304093567251462,0.015166666666666667,0.1873170731707317,0.07780126849894292,0.0
Kool merah,0.0005263157894736842,0.02416666666666667,0.025853658536585365,0.002959830866807611,0.0014925373134328
Oyek,0.20526315789473684,0.00075,0.004390243902439025,0.179492600422833,0.0
Rujak aceh,0.047953216374269005,0.0003333333333333334,0.0014634146341463415,0.041649048625792814,0.0
Keripik kemplang goreng,0.2947368421052632,0.004666666666666667,0.13707317073170733,0.12071881606765328,0.0
Bungkil kelapa,0.2152046783625731,0.01916666666666667,0.07317073170731707,0.08456659619450317,0.0
Bamboe soto ayam,0.005847953216374269,0.0008333333333333334,0.004878048780487805,0.004228329809725159,0.0074626865671641
Belitung,0.058479532163742694,0.0009166666666666668,0.005853658536585366,0.306553911205074,0.2552238805970149
Geplak Jahe,0.27017543859649124,0.0025833333333333337,0.0702439024390244,0.12198731501057083,0.0
Kacang mekah,0.058479532163742694,0.00075,0.005365853658536586,0.046511627906976744,0.0253731343283582
Dodol kedongdong,0.1935672514619883,0.0015833333333333333,0.037073170731707315,0.13488372093023257,0.0
Kepala susu - krim,0.0005263157894736842,0.17,0.01951219512195122,0.0054968287526427064,0.1492537313432835
Ubi Cilembu,0.10877192982456141,0.0015833333333333333,0.000975609756097561,0.09365750528541227,0.0
Bungkil biji karet,0.19473684210526315,0.02441666666666667,0.016097560975609757,0.10570824524312897,0.0
Monde Boromon Wafers rasa Vanila,0.03508771929824561,0.0008333333333333334,0.03414634146341464,0.03382663847780127,0.0522388059701492
Good Day Cappuccino With Cocoa Granule,0.06432748538011696,0.0008333333333333334,0.012195121951219513,0.04439746300211417,0.126865671641791
Starbucks hot caramel macchiato (wholemilk),0.16374269005847952,0.008333333333333333,0.05365853658536585,0.07399577167019028,0.0
Soto padang,0.0011695906432748538,0.10583333333333333,0.05365853658536585,0.012473572938689219,0.0492537313432835
Soto kudus,0.0009941520467836257,0.03166666666666667,0.00878048780487805,0.007610993657505286,0.0171641791044776
Tahubaxo rebus,0.06374269005847953,0.009166666666666667,0.0,0.03382663847780127,0.0
Meises coklat,0.07017543859649122,0.0,0.01951219512195122,0.042283298097251586,0.1194029850746268
Jeruk Kalamansi,0.00023391812865497077,0.0325,0.04341463414634147,0.0006342494714587737,0.0022388059701492
Batar daan,0.06257309941520468,0.0018333333333333335,0.010731707317073172,0.04143763213530656,0.0
Nasi Goreng,0.29239766081871343,0.005833333333333334,0.16780487804878047,0.0849894291754757,0.0
Baruasa,0.24385964912280703,0.005416666666666667,0.039999999999999994,0.16765327695560253,0.0
Omelet Mie Telur,0.2928070175438596,0.011916666666666667,0.11853658536585367,0.11522198731501057,0.0
Daun jawaw seluang,0.0007017543859649122,0.0775,0.07463414634146341,0.010570824524312896,0.0097014925373134
Saladstop Sunshine jakarta,0.32549707602339184,0.037666666666666675,0.12975609756097561,0.10718816067653278,0.1350746268656716
Sarimi isi tongseng ayam,0.32748538011695905,0.009166666666666667,0.11219512195121951,0.16067653276955604,0.0373134328358208
Ikan Mujahir / Mujair,0.0006432748538011696,0.07416666666666667,0.0,0.03953488372093023,0.0074626865671641
Talas pontianak,0.0005263157894736842,0.13583333333333333,0.1775609756097561,0.004862579281183933,0.003731343283582
Susu Rasa Taro,0.07602339181286549,0.004166666666666667,0.01951219512195122,0.03805496828752643,0.1044776119402985
Masako Daging Sapi,0.0,0.0,0.0,0.0,0.0
Koya mirasa,0.21637426900584797,0.006666666666666667,0.004878048780487805,0.17378435517970403,0.0
Sasa tepung bakso goreng,0.052631578947368425,0.0008333333333333334,0.0,0.04439746300211417,0.0
Mizone,0.026315789473684213,0.0,0.0,0.023255813953488372,0.0820895522388059
Fillet o-fish,0.15789473684210525,0.01025,0.0775609756097561,0.04080338266384778,0.0
Beras giling var rojolele,0.00046783625730994154,0.29750000000000004,0.3760975609756097,0.017758985200845668,0.0126865671641791
Beras menir,0.00011695906432748539,0.3016666666666667,0.35609756097560974,0.01627906976744186,0.0328358208955223
Monde Snack Gold,0.011695906432748537,0.0016666666666666668,0.012195121951219513,0.03382663847780127,0.0223880597014925
Mony Oats Dark Choco Flavour,0.029239766081871347,0.0,0.0975609756097561,0.014799154334038056,0.0298507462686567
Kacang babi,0.0020467836257309943,0.2841666666666667,0.2502439024390244,0.06427061310782241,0.0238805970149253
Subway black forest ham sandwich,0.1695906432748538,0.015000000000000001,0.02195121951219512,0.09725158562367865,0.0597014925373134
Tempe lamtoro var. gung dengan kuit,0.08538011695906433,0.00975,0.01121951219512195,0.04143763213530656,0.0
Kalio ayam,0.0008187134502923977,0.1691666666666667,0.021463414634146343,0.03382663847780127,0.1007462686567164
Silky Pudding Taro Flavour,0.008771929824561403,0.0016666666666666668,0.007317073170731707,0.03382663847780127,0.0820895522388059
Talas bogor,0.00046783625730994154,0.09000000000000001,0.12195121951219512,0.002959830866807611,0.0029850746268656
Niu Zuzu rasa coklat,0.07017543859649122,0.0016666666666666668,0.014634146341463414,0.046511627906976744,0.1343283582089552
Jeruk bali,0.00029239766081871346,0.04,0.06048780487804878,0.0012684989429175475,0.0014925373134328
Delfi ChaCha Peanut,0.0935672514619883,0.0025,0.03902439024390244,0.03594080338266385,0.0
Kacang endel,0.0011695906432748538,0.2758333333333334,0.28292682926829266,0.052854122621564484,0.0074626865671641
Bihun goreng instan,0.22280701754385965,0.005083333333333333,0.01902439024390244,0.1697674418604651,0.0
Mie ayam,0.05964912280701754,0.0051666666666666675,0.01902439024390244,0.022198731501057084,0.0
Koro benguk,0.0017543859649122807,0.27666666666666667,0.2682926829268293,0.05073995771670191,0.0223880597014925
Nongshim Shin cup,0.18070175438596492,0.009083333333333334,0.029268292682926828,0.0989429175475687,0.0141791044776119
Teh botol tawar,0.0,0.0,0.0,0.0,0.0
Biji nangka / Biji salak,0.15321637426900586,0.0019166666666666666,0.02634146341463415,0.10803382663847781,0.0
Emping (keripik melinjo),0.2017543859649123,0.01,0.007317073170731707,0.15116279069767444,0.0
Soto bandung,0.0010526315789473684,0.035,0.013658536585365854,0.00824524312896406,0.0126865671641791
Origo coffe avocado coffe,0.0935672514619883,0.003366666666666667,0.029365853658536584,0.047484143763213534,0.1053731343283582
Subway sweet onion chicken teriyaki sandwich,0.21637426900584797,0.020833333333333336,0.02195121951219512,0.1226215644820296,0.1194029850746268
Komak polong,0.05789473684210526,0.00275,0.0004878048780487805,0.044820295983086685,0.0
Hazelnut,0.3672514619883041,0.012458333333333333,0.29634146341463413,0.035306553911205074,0.0
Sariroti roti tawar kupas,0.06432748538011696,0.0025,0.00975609756097561,0.04016913319238901,0.0074626865671641
Andewi,0.0006432748538011696,0.18833333333333335,0.025853658536585365,0.003382663847780127,0.0014925373134328
Mie bakso,0.06666666666666667,0.004416666666666667,0.014634146341463414,0.034672304439746296,0.0
Kin bulgarian yogurt orange,0.08771929824561403,0.0025,0.012195121951219513,0.059196617336152224,0.2014925373134328
Tapai singkong,0.09883040935672514,0.0011666666666666668,0.0014634146341463415,0.0849894291754757,0.0
Buncis,0.00029239766081871346,0.028333333333333335,0.0351219512195122,0.00507399577167019,0.0022388059701492
Biskuit serena egg rolls chocolate,0.04678362573099415,0.0008333333333333334,0.02195121951219512,0.016913319238900635,0.0298507462686567
Ikan Mujahir / mujair goreng,0.2432748538011696,0.03908333333333334,0.11658536585365853,0.0,0.0
Kue ku temu,0.12514619883040937,0.002916666666666667,0.000975609756097561,0.10486257928118393,0.0
Coklat Ferrero rocher,0.1391812865497076,0.0025,0.07804878048780488,0.03805496828752643,0.1119402985074626
Outback steackhouse outback special,0.16374269005847952,0.0425,0.04390243902439024,0.0,0.0
The coffe bean & tea leaf mocha ice blended drink,0.20467836257309943,0.009166666666666667,0.03414634146341464,0.1416490486257928,0.4104477611940298
Indomie goreng,0.22222222222222224,0.006666666666666667,0.06829268292682927,0.11416490486257928,0.0597014925373134
Nestle nestum,0.07602339181286549,0.0025,0.007317073170731707,0.05708245243128964,0.0671641791044776
Jagung nasi,0.00017543859649122806,0.29750000000000004,0.3878048780487805,0.0186046511627907,0.003731343283582
Indofood cap enak (kental manis),0.07017543859649122,0.0008333333333333334,0.01951219512195122,0.04439746300211417,0.1417910447761194
Pastel,0.17953216374269007,0.0037500000000000003,0.06487804878048781,0.08964059196617337,0.0
Momogi Bintang Coklat,0.029239766081871347,0.0008333333333333334,0.014634146341463414,0.012684989429175477,0.0
King's Fisher sarden goreng balado,0.07017543859649122,0.006666666666666667,0.03902439024390244,0.008456659619450317,0.0
Kewpie Caesar,0.04093567251461988,0.0008333333333333334,0.029268292682926828,0.0063424947145877385,0.0
Getuk singkong,0.11929824561403508,0.0004166666666666667,0.006829268292682927,0.10021141649048626,0.0
Kenari banda,0.36023391812865496,0.011583333333333334,0.27414634146341466,0.028964059196617337,0.0
Indomie ayam geprek,0.23976608187134504,0.007500000000000001,0.0975609756097561,0.10359408033826639,0.044776119402985
Oncom kacang tanah pepes,0.07719298245614035,0.00975,0.018536585365853658,0.028964059196617337,0.0
PT. Ultrajaya Milk Industry,0.0035087719298245615,0.1,0.04390243902439024,0.012684989429175477,0.044776119402985
Putri hijau,0.11052631578947368,0.0045000000000000005,0.01024390243902439,0.07864693446088795,0.0
Nestle Milo 3in1 Activ-Go (Malt),0.08187134502923976,0.0033333333333333335,0.014634146341463414,0.052854122621564484,0.0
Tiwul Instan,0.23099415204678364,0.002666666666666667,0.041463414634146344,0.16173361522198731,0.0
Hofa / Ubi hutan,0.0005263157894736842,0.10583333333333333,0.14390243902439023,0.002536997885835095,0.003731343283582
Lanting getuk,0.24678362573099416,0.00075,0.0526829268292683,0.1699788583509514,0.0
Telur ayam ras / telor ayam ras ,0.00046783625730994154,0.12833333333333335,0.0034146341463414634,0.026215644820295984,0.0805970149253731
Daun Kenikir,0.0009941520467836257,0.037500000000000006,0.03219512195121951,0.007822410147991544,0.003731343283582
Oncom,0.10935672514619883,0.010833333333333334,0.029268292682926828,0.0477801268498943,0.0
Gadung ,0.058479532163742694,0.00075,0.004390243902439025,0.21141649048625794,0.1753731343283582
Nasi minyak,0.12105263157894737,0.002916666666666667,0.024390243902439025,0.0784355179704017,0.0
Starbucks green tea frappuccino (whole milk),0.1871345029239766,0.004166666666666667,0.02195121951219512,0.13530655391120508,0.0
Kue Kelepon,0.12573099415204678,0.0030833333333333338,0.01804878048780488,0.08837209302325581,0.0
ABC Selera pedas hot gulai chicken,0.15789473684210525,0.005833333333333334,0.058536585365853655,0.0718816067653277,0.0074626865671641
Royco sup krim jagung,0.04093567251461988,0.0008333333333333334,0.00975609756097561,0.023255813953488372,0.0298507462686567
BANGO Kecap Manis Light,0.023391812865497075,0.0,0.0,0.021141649048625793,0.0597014925373134
Happy Tos Tortilla Chips,0.03508771929824561,0.0016666666666666668,0.03414634146341464,0.03382663847780127,0.0074626865671641
super bubur rasa ayam,0.09941520467836258,0.0025,0.014634146341463414,0.06765327695560254,0.0
Yoshinoya Veggie beef bowl (Large bowl),0.5614035087719298,0.029166666666666667,0.14146341463414633,0.29809725158562367,0.0597014925373134
Intip goreng,0.2771929824561404,0.006333333333333333,0.1053658536585366,0.1317124735729387,0.0
Daun pohpohan,0.0014035087719298245,0.030833333333333334,0.033658536585365856,0.005285412262156448,0.0059701492537313
Suki Rasa Ayam Kecap,0.058479532163742694,0.0016666666666666668,0.01951219512195122,0.027484143763213533,0.0074626865671641
Soto betawi,0.000760233918128655,0.1125,0.05609756097560976,0.005285412262156448,0.0656716417910447
Selada air,0.0007017543859649122,0.014166666666666668,0.010731707317073172,0.006553911205073996,0.0014925373134328
Mie Sedaap baso spesial,0.19883040935672516,0.007500000000000001,0.06341463414634146,0.09936575052854123,0.0149253731343283
Naraya melon seed,0.07602339181286549,0.005,0.04878048780487805,0.004228329809725159,0.0
Pepare ular,0.00017543859649122806,0.015833333333333335,0.01902439024390244,0.0012684989429175475,0.0007462686567164
Kaburan,0.058479532163742694,0.0004166666666666667,0.004878048780487805,0.28118393234672306,0.2402985074626865
You C1000 vitamin lemon,0.40935672514619886,0.0,0.0,0.03382663847780127,0.1194029850746268
Kopi Good day the original,0.052631578947368425,0.0008333333333333334,0.012195121951219513,0.03382663847780127,0.0970149253731343
Naraya Coklat Cookies,0.029239766081871347,0.0008333333333333334,0.014634146341463414,0.012684989429175477,0.0
Susu On gold standard whey,0.07017543859649122,0.016666666666666666,0.00878048780487805,0.0063424947145877385,0.0119402985074626
Sariroti roti tawar gandum,0.11111111111111112,0.005,0.01707317073170732,0.06765327695560254,0.0149253731343283
King's Fisher sarden sambal bangkok,0.04093567251461988,0.006666666666666667,0.00975609756097561,0.012684989429175477,0.0
Ultra Sari Asem Asli,0.07602339181286549,0.0,0.0,0.06765327695560254,0.0
Sagu aren segar,0.13508771929824562,0.0005,0.000975609756097561,0.11966173361522199,0.0
Kelapa tua,0.058479532163742694,0.0008333333333333334,0.016585365853658537,0.758985200845666,0.1044776119402985
Koyabu,0.1409356725146199,0.0028333333333333335,0.02097560975609756,0.09978858350951375,0.0
Buah kelor,0.022222222222222223,0.00125,0.000975609756097561,0.015856236786469344,0.0
Mie Sedaap Cup Mi Kuah Bakso,0.20467836257309943,0.006666666666666667,0.07317073170731707,0.09513742071881608,0.0
Martabak mesir,0.16257309941520467,0.00425,0.04195121951219512,0.09513742071881608,0.0
Encung asam,0.0008771929824561404,0.10166666666666667,0.08536585365853659,0.007399577167019028,0.0335820895522388
Croissant,0.10526315789473685,0.0025,0.04390243902439024,0.04439746300211417,0.0
Hokben Tori Ball,0.14619883040935672,0.005833333333333334,0.06829268292682927,0.03171247357293869,0.0
Ikan Sunu,0.0006432748538011696,0.09250000000000001,0.032682926829268294,0.028118393234672308,0.0253731343283582
Sapi,0.0008187134502923977,0.08166666666666667,0.0,0.04630021141649048,0.0082089552238805
Beras ganyong,0.2128654970760234,0.0028333333333333335,0.0034146341463414634,0.1824524312896406,0.0
MR.P Cashewnuts,0.14619883040935672,0.005833333333333334,0.09268292682926829,0.023255813953488372,0.0
Dodol bali,0.1742690058479532,0.0030833333333333338,0.01024390243902439,0.139323467230444,0.0
Susu kambing,0.0005263157894736842,0.05333333333333334,0.03219512195121951,0.00909090909090909,0.0171641791044776
Origo coffe strawberry kopi susu,0.06315789473684211,0.0020250000000000003,0.02117073170731707,0.026532769556025373,0.0764925373134328
Permen KIS mini assorted,0.017543859649122806,0.0,0.0,0.014799154334038056,0.0373134328358208
Telur ayam ras bagian putih,0.0003508771929824561,0.04166666666666667,0.003902439024390244,0.02283298097251586,0.0
Pisang ayam,0.00040935672514619883,0.1,0.13073170731707318,0.0023255813953488376,0.0014925373134328
Pempek adaan,0.0009941520467836257,0.135,0.13560975609756099,0.01035940803382664,0.0223880597014925
Keju kcang tanah (peanut butter),0.34502923976608185,0.022500000000000003,0.23902439024390243,0.044186046511627906,0.0
Ubi jalar manis,0.0006432748538011696,0.06916666666666667,0.09170731707317073,0.0031712473572938693,0.0014925373134328
donat Krispy kreme mini original glazed,0.04871345029239766,0.0008333333333333334,0.02097560975609756,0.021141649048625793,0.0350746268656716
Sarimi Gelas Rasa Baso Sapi,0.029239766081871347,0.0016666666666666668,0.029268292682926828,0.03805496828752643,0.0149253731343283
Dalgona coffe,0.17894736842105263,0.0077083333333333335,0.03439024390243902,0.11156448202959832,0.2526865671641791
Lousiana rub (classic wings),0.1,0.0125,0.058536585365853655,0.0021141649048625794,0.0
Outback steackhouse Ribeye,0.3157894736842105,0.04833333333333334,0.17073170731707318,0.0,0.0
Bonchon Spicy wings,0.46783625730994155,0.04666666666666667,0.2634146341463415,0.03805496828752643,0.0373134328358208
Talas bogor kukus,0.07017543859649122,0.00125,0.0014634146341463415,0.059619450317124734,0.0
Maya Sardines Chili sause,0.10526315789473685,0.010066666666666668,0.010292682926829267,0.0054968287526427064,0.0
Cempedak,0.0005847953216374269,0.09666666666666668,0.13951219512195123,0.0063424947145877385,0.0029850746268656
Good Day rock caramello 3 in 1 200g,0.023391812865497075,0.0008333333333333334,0.02195121951219512,0.029598308668076112,0.0970149253731343
PRONAS Sarden saus pedas (425 g),0.04678362573099415,0.006666666666666667,0.01951219512195122,0.004228329809725159,0.0
Terung belanda,0.0005847953216374269,0.043333333333333335,0.04195121951219512,0.004439746300211417,0.0082089552238805
Chitato,0.06432748538011696,0.0016666666666666668,0.029268292682926828,0.023255813953488372,0.0
Rambutan,0.04035087719298246,0.00075,0.0004878048780487805,0.03826638477801269,0.0
Beras ketan putih tumbuk,0.00029239766081871346,0.30083333333333334,0.3824390243902439,0.01564482029598309,0.0059701492537313
Sawo Manila,0.05380116959064327,0.0004166666666666667,0.005365853658536586,0.047357293868921777,0.0
Kerupuk cumi goreng,0.2596491228070176,0.005750000000000001,0.07121951219512195,0.1507399577167019,0.0
Gemblong,0.16023391812865498,0.0014166666666666668,0.02634146341463415,0.11733615221987316,0.0
Pop mie rasa baso,0.08187134502923976,0.006666666666666667,0.07317073170731707,0.09936575052854123,0.0373134328358208
Soto madura,0.0005263157894736842,0.05,0.006341463414634147,0.007399577167019028,0.0335820895522388
Saos tomat,0.06432748538011696,0.0016666666666666668,0.001951219512195122,0.051797040169133196,0.0
Sariroti sandwich coklat,0.08771929824561403,0.0025,0.029268292682926828,0.04439746300211417,0.0298507462686567
Bentul (Komba),0.058479532163742694,0.0015,0.007804878048780488,0.20718816067653278,0.1559701492537313
Sagu manis,0.16783625730994153,0.0004166666666666667,0.01902439024390244,0.13192389006342495,0.0
Lemonia Biscuit,0.026315789473684213,0.0008333333333333334,0.024390243902439025,0.027484143763213533,0.0373134328358208
Koro loke,0.0003508771929824561,0.0275,0.03853658536585366,0.005708245243128965,0.0014925373134328
Daun pakis,0.0008187134502923977,0.0325,0.033658536585365856,0.009513742071881607,0.0029850746268656
Kangkung tondano,0.025146198830409357,0.0015,0.000975609756097561,0.017758985200845668,0.0
Mie telur cap 3 ayam,0.13450292397660818,0.006666666666666667,0.0,0.10359408033826639,0.0149253731343283
Pala,0.058479532163742694,0.0004166666666666667,0.0014634146341463415,0.08879492600422834,0.0813432835820895
Tepung Gaplek,0.2017543859649123,0.002,0.001951219512195122,0.17568710359408032,0.0
Tempe kedelai murni mentah,0.11754385964912281,0.017333333333333336,0.042926829268292686,0.02854122621564482,0.0
Flax seeds,0.312280701754386,0.015241666666666667,0.20565853658536584,0.06105708245243129,0.0
Starbucks hot caramel macchiato (nonfat milk),0.11695906432748539,0.009166666666666667,0.007317073170731707,0.07610993657505286,0.0
Bango Bumbu Kuliner Nusantara Tongseng Khas Solo,0.008771929824561403,0.0,0.007317073170731707,0.010570824524312896,0.0298507462686567
Bobengka,0.13157894736842105,0.004416666666666667,0.012682926829268294,0.0955602536997886,0.0
Markisa squash,0.00011695906432748539,0.08666666666666667,0.11560975609756097,0.002536997885835095,0.003731343283582
Pizza hut deluxe cheeses,0.08771929824561403,0.005,0.029268292682926828,0.03594080338266385,0.0149253731343283
Mi ABC cup baso sapi,0.1695906432748538,0.005833333333333334,0.06341463414634146,0.0718816067653277,0.0223880597014925
Nasi merah,0.0871345029239766,0.0023333333333333335,0.001951219512195122,0.06871035940803383,0.0
Bagea kenari manis,0.30584795321637426,0.002666666666666667,0.13756097560975608,0.1357293868921776,0.0
Teh Javana,0.0,0.0,0.0,0.059196617336152224,0.208955223880597
Biokul greek  yogurt,0.0935672514619883,0.005,0.058536585365853655,0.012684989429175477,0.0149253731343283
Frisian flag sweet delight,0.08771929824561403,0.005,0.029268292682926828,0.042283298097251586,0.1343283582089552
Ahh Nabati Richeese,0.005847953216374269,0.0,0.004878048780487805,0.0063424947145877385,0.0074626865671641
Indomie mi kuah,0.17543859649122806,0.005833333333333334,0.05365853658536585,0.09090909090909091,0.0223880597014925
Saladstop bold bulgogi,0.2408187134502924,0.014750000000000001,0.12536585365853659,0.06469344608879493,0.0992537313432835
Kue sus,0.12923976608187135,0.00625,0.049756097560975605,0.05243128964059197,0.0
Dodol galamai,0.20350877192982456,0.0003333333333333334,0.018536585365853658,0.16088794926004227,0.0
Ketoprak,0.08947368421052632,0.006583333333333334,0.037560975609756096,0.027484143763213533,0.0
Kue koa,0.19883040935672516,0.004,0.001951219512195122,0.16765327695560253,0.0
Keju mozzarella,0.16374269005847952,0.02291666666666667,0.08341463414634147,0.006553911205073996,0.0
Espresso,0.0017543859649122807,"3,33E+11",0.00024390243902439024,0.001035940803382664,0.0
Permen frozz lime mint,0.0,0.0,0.0,0.0021141649048625794,0.0
Eskrim magnum white almond,0.13450292397660818,0.0025,0.06829268292682927,0.048625792811839326,0.0970149253731343
Pop mie mie goreng pedas,0.21637426900584797,0.005,0.08292682926829269,0.10359408033826639,0.0298507462686567
Berilla Collezione Lasagne all'uovo,0.21637426900584797,0.009166666666666667,0.01951219512195122,0.15010570824524314,0.0
Roma Sandwich,0.08187134502923976,0.0016666666666666668,0.03414634146341464,0.03594080338266385,0.044776119402985
Taoge kacang tunggak,0.0005847953216374269,0.03333333333333333,0.02829268292682927,0.010570824524312896,0.0014925373134328
Kacang negara,0.2807017543859649,0.015333333333333332,0.09317073170731709,0.12367864693446089,0.0
Piattos Sambal Geprek Flavor,0.026315789473684213,0.0008333333333333334,0.024390243902439025,0.027484143763213533,0.0074626865671641
Japilus,0.29239766081871343,0.001,0.12243902439024391,0.1422832980972516,0.0
Ribeye,0.12690058479532165,0.0165,0.07419512195121952,0.00023255813953488373,0.0
Ikan Bader,0.0011695906432748538,0.16083333333333336,0.0,0.04016913319238901,0.0970149253731343
Nutrijell pudding suus rasa vanila (120 g),0.023391812865497075,0.0,0.0024390243902439024,0.016913319238900635,0.0373134328358208
Mie sedaap kari spesial,0.19883040935672516,0.006666666666666667,0.06341463414634146,0.10147991543340382,0.0149253731343283
Burger Carl's Jr california classic double cheeseburger,0.3508771929824561,0.01916666666666667,0.1902439024390244,0.08668076109936576,0.0820895522388059
The coffe bean & tea leaf matcha ice blended drink,0.23976608187134504,0.013333333333333334,0.04390243902439024,0.1416490486257928,0.4402985074626865
Permen mentos spearmint,0.0029239766081871343,0.0,0.0,0.0021141649048625794,0.0
Teh Kotak Rasa Apel,0.058479532163742694,0.0,0.0,0.05073995771670191,0.1492537313432835
Santan (dengan air),0.07134502923976609,0.0016666666666666668,0.04878048780487805,0.016067653276955602,0.0
Mi basah,0.05146198830409357,0.0005,0.016097560975609757,0.029598308668076112,0.0
Sagu forno,0.17017543859649123,0.0004166666666666667,0.01951219512195122,0.13403805496828752,0.0
Gado-gado,0.08011695906432749,0.005083333333333333,0.015609756097560976,0.04439746300211417,0.0
Coklat Hershey's milk chocolate,0.012865497076023392,0.00025,0.006341463414634147,0.005919661733615222,0.0194029850746268
Mie aceh rebus,0.06608187134502924,0.0025,0.015609756097560976,0.03826638477801269,0.0
Jagung gerontol,0.0912280701754386,0.0022500000000000003,0.006341463414634147,0.0704016913319239,0.0
Puff pastry sheet,0.11695906432748539,0.0025,0.06341463414634146,0.03805496828752643,0.0074626865671641
Melinjo emping tebal goreng asin,0.252046783625731,0.00925,0.07902439024390244,0.1331923890063425,0.0
Wortel,0.0003508771929824561,0.030000000000000002,0.03853658536585366,0.0021141649048625794,0.0044776119402985
Yogurt greek yummy original,0.08187134502923976,0.005833333333333334,0.01951219512195122,0.03594080338266385,0.0597014925373134
Sayur sop,0.015789473684210527,0.0010833333333333335,0.00975609756097561,0.0021141649048625794,0.0
Pulut,0.12631578947368421,0.002166666666666667,0.015121951219512195,0.09386892177589852,0.0
Andaliman,0.0012865497076023392,0.0825,0.08780487804878048,0.009725158562367865,0.0074626865671641
Nutrisari jus mangga,0.03508771929824561,0.0,0.004878048780487805,0.027484143763213533,0.0895522388059701
Ikan Batung,0.0006432748538011696,0.09583333333333334,0.02048780487804878,0.0306553911205074,0.0343283582089552
Bihun,0.00011695906432748539,0.29000000000000004,0.40048780487804875,0.009936575052854123,0.0007462686567164
Kelapa setengah tua,0.058479532163742694,0.0008333333333333334,0.01951219512195122,0.3805496828752643,0.0746268656716417
dancow susu bubuk fortigro full cream,0.07017543859649122,0.005,0.03414634146341464,0.021141649048625793,0.0
Pork loin,0.11578947368421053,0.01645,0.061365853658536584,0.0,0.0
Cake tape,0.18888888888888888,0.004083333333333334,0.05609756097560976,0.10591966173361524,0.0
Supermi rasa Kaldu Ayam,0.058479532163742694,0.005,0.05365853658536585,0.09513742071881608,0.0149253731343283
Jawawut,0.0008771929824561404,0.30333333333333334,0.3580487804878049,0.020507399577167018,0.0261194029850746
Ikan selar kuning cue,0.00040935672514619883,0.115,0.0,0.05708245243128964,0.0246268656716417
Sate Ayam,0.13157894736842105,0.016283333333333334,0.07229268292682926,0.010295983086680761,0.0
Ademsari chingku herbal tea,0.052631578947368425,0.0,0.0,0.04439746300211417,0.1567164179104477
Batatas gembili,0.00040935672514619883,0.06333333333333334,0.07804878048780488,0.0023255813953488376,0.0067164179104477
Daun pakis loggiho,0.0009356725146198831,0.045000000000000005,0.015121951219512195,0.004651162790697675,0.026865671641791
Supermi rasa steak ayam,0.08187134502923976,0.005833333333333334,0.07317073170731707,0.11416490486257928,0.044776119402985
Koro wedus,0.058479532163742694,0.002916666666666667,0.10829268292682927,0.7145877378435518,0.4552238805970149
Red Hot Cajun  (classic wings),0.08304093567251462,0.0125,0.03902439024390244,0.0021141649048625794,0.0
Tony roma's the original baby back ribs,0.32923976608187133,0.025,0.12195121951219512,0.11627906976744186,0.3731343283582089
Kerupuk kemplang (ikan) mentah,0.19005847953216376,0.0015,0.001951219512195122,0.1659619450317125,0.0
Rempeyek kacang uci,0.29064327485380115,0.014166666666666668,0.13463414634146342,0.10739957716701902,0.0
Ampas kacang hijau,0.056140350877192984,0.0030833333333333338,0.002926829268292683,0.04038054968287527,0.0
Pronas chicken luncheon,0.04678362573099415,0.0033333333333333335,0.029268292682926828,0.0063424947145877385,0.0
Susu kerbau,0.00046783625730994154,0.13333333333333333,0.03463414634146341,0.01331923890063425,0.0895522388059701
Soto sukaraja,0.0006432748538011696,0.06666666666666667,0.04390243902439024,0.006765327695560254,0.0261194029850746
Chitato keripik kentang rasa sapi panggang,0.06432748538011696,0.0016666666666666668,0.029268292682926828,0.023255813953488372,0.0
Manan samin,0.2216374269005848,0.0028333333333333335,0.08829268292682928,0.10697674418604652,0.0
Pizza hut meat lover's,0.27485380116959063,0.015833333333333335,0.13658536585365855,0.07610993657505286,0.0074626865671641
Bika ambon,0.11637426900584795,0.0017500000000000003,0.007317073170731707,0.09386892177589852,0.0
Keju Lemnos Fetta Cheese,0.048538011695906436,0.0045000000000000005,0.033658536585365856,0.0008456659619450318,0.0067164179104477
Krupuk Bocah Tua (mentah),0.19883040935672516,0.0008333333333333334,0.0,0.17758985200845667,0.0
Nissin wafer coklat,0.029239766081871347,0.0016666666666666668,0.029268292682926828,0.042283298097251586,0.0597014925373134
Richeese Nabati,0.023391812865497075,0.0,0.007317073170731707,0.012684989429175477,0.0
KFC extra crispy sayap,0.09941520467836258,0.008333333333333333,0.06341463414634146,0.010570824524312896,0.0
Kacang uci,0.20935672514619882,0.0195,0.011707317073170732,0.1281183932346723,0.0
Kecimpring singkong goreng,0.2713450292397661,0.001,0.09073170731707318,0.1543340380549683,0.0
Sariroti Sandwich krim keju,0.07602339181286549,0.0025,0.029268292682926828,0.03594080338266385,0.0223880597014925
Susu My protein impact whey protein,0.06140350877192983,0.016666666666666666,0.00878048780487805,0.0063424947145877385,0.0119402985074626
Ubi jalar kuning,0.0005847953216374269,0.09916666666666667,0.12243902439024391,0.0010570824524312897,0.0029850746268656
Amparan,0.00046783625730994154,0.15916666666666668,0.16585365853658537,0.0027484143763213532,0.0410447761194029
Kluwek,0.18128654970760233,0.008333333333333333,0.11707317073170731,0.02854122621564482,0.0
keripik Qtela singkong,0.058479532163742694,0.0,0.024390243902439025,0.029598308668076112,0.0074626865671641
Milo Activ-Go 18 gram,0.008771929824561403,0.0016666666666666668,0.00975609756097561,0.027484143763213533,0.0597014925373134
Indomie rasa ayam bawang,0.058479532163742694,0.005833333333333334,0.05365853658536585,0.09090909090909091,0.0223880597014925
Ketela pohon kukus,0.08947368421052632,0.001,0.0014634146341463415,0.07695560253699789,0.0
Indomie rasa ayam special,0.052631578947368425,0.005833333333333334,0.04878048780487805,0.09302325581395349,0.0223880597014925
Caotina,0.06666666666666667,0.0008333333333333334,0.03609756097560976,0.021987315010570826,0.0746268656716417
Jahe,0.0007017543859649122,0.0425,0.049268292682926824,0.0031712473572938693,0.0074626865671641
Lamtoro biji tua,0.000760233918128655,0.12333333333333334,0.1278048780487805,0.022410147991543342,0.003731343283582
Yeo's Chrysantenum tea,0.052631578947368425,0.0,0.0,0.046511627906976744,0.1641791044776119
Kue kelapa,0.3456140350877193,0.004666666666666667,0.2053658536585366,0.10042283298097252,0.0
Teajus Gula Batu,0.014619883040935673,0.0,0.0,0.012684989429175477,0.0373134328358208
Sowa,0.028070175438596492,0.0013333333333333335,0.002926829268292683,0.019238900634249472,0.0
nestle cerelac bubur sereal susu rasa ayam sayur,0.12280701754385966,0.006666666666666667,0.024390243902439025,0.0718816067653277,0.0
Nissin UFO fried ramen 100 g,0.11111111111111112,0.006666666666666667,0.1024390243902439,0.13107822410147993,0.044776119402985
Ricola herb canndy,0.03508771929824561,0.0,0.0,0.03171247357293869,0.0
Jagung kuning pipil,0.0003508771929824561,0.12833333333333335,0.13853658536585364,0.008033826638477801,0.0261194029850746
Beras tumbuk,0.00023391812865497077,0.29500000000000004,0.3897560975609756,0.01649048625792812,0.0029850746268656
Mostarda metan-sawi,0.01929824561403509,0.0019166666666666666,0.0024390243902439024,0.009936575052854123,0.0
ABC Minuman Asam Jawa,0.08187134502923976,0.0,0.0,0.0718816067653277,0.0
Labu siam,0.00017543859649122806,0.025,0.032682926829268294,0.0012684989429175475,0.0007462686567164
Sirup Sunquick Orange,0.026315789473684213,0.0,0.0,0.023255813953488372,0.0820895522388059
Kembang tahu rebus,0.052631578947368425,0.008916666666666666,0.01951219512195122,0.009936575052854123,0.0
Indofood Racik Bumbu Nasi Goreng,0.0,0.0,0.0,0.008456659619450317,0.0149253731343283
Tahu telur,0.19181286549707602,0.0105,0.0970731707317073,0.05200845665961946,0.0
Tempe bongkrek,0.0695906432748538,0.003666666666666667,0.01707317073170732,0.038689217758985206,0.0
Royco ayam bumbu rujak,0.005847953216374269,0.0,0.0,0.004228329809725159,0.0149253731343283
Fitbar,0.052631578947368425,0.0025,0.012195121951219513,0.029598308668076112,0.0298507462686567
Tempe lamtoro var. gung tanpa kuit,0.07660818713450293,0.015000000000000001,0.003902439024390244,0.027484143763213533,0.0
Oishi Rasa Udang Pedas,0.007309941520467837,0.0008333333333333334,0.007317073170731707,0.016913319238900635,0.0074626865671641
Yoghurt,0.0012865497076023392,0.043333333333333335,0.01951219512195122,0.0069767441860465115,0.0186567164179104
Ikan Kakatua,0.000760233918128655,0.06833333333333334,0.03121951219512195,0.024101479915433405,0.008955223880597
Es krim Wall's double dutch,0.08771929824561403,0.0025,0.03414634146341464,0.03805496828752643,0.0671641791044776
Bamboe Tongseng,0.014619883040935673,0.0008333333333333334,0.012195121951219513,0.010570824524312896,0.0074626865671641
Top sirloin,0.07426900584795322,0.018141666666666667,0.021707317073170734,"2,11E+11",0.0
Sambal Terasi Kokita,0.017543859649122806,0.0008333333333333334,0.004878048780487805,0.010570824524312896,0.0074626865671641
susu mama minuman khusus ibu hamil & menyusui rasa cokelat,0.11111111111111112,0.007500000000000001,0.024390243902439025,0.054968287526427066,0.0
Ubi jalar tinta / kemayung,0.06315789473684211,0.0004166666666666667,0.001951219512195122,0.05412262156448203,0.0
Cengkeh kering,0.1929824561403509,0.004333333333333334,0.04341463414634147,0.12135306553911206,0.0
Kacang kedelai goreng,0.30467836257309944,0.026833333333333338,0.18390243902439027,0.048414376321353064,0.0
monde boromon cookies,0.0,0.0,0.0,0.03805496828752643,0.0373134328358208
KFC extra crispy dada,0.30994152046783624,0.029166666666666667,0.17073170731707318,0.03805496828752643,0.0
Mi ABC cup mi ayam jamur,0.2280701754385965,0.005833333333333334,0.0975609756097561,0.09513742071881608,0.0597014925373134
Permen RELAXA,0.005847953216374269,0.0,0.0,0.004228329809725159,0.0149253731343283
Kopi Good Day Chococinno,0.05730994152046784,0.0008333333333333334,0.00975609756097561,0.03594080338266385,0.0
Pop Ice Taro,0.008771929824561403,0.0,0.007317073170731707,0.046511627906976744,0.1417910447761194
Koro andong,0.20818713450292398,0.017083333333333336,0.019999999999999997,0.13023255813953488,0.0
Jeruk manis,0.00029239766081871346,0.037500000000000006,0.054634146341463415,0.0019027484143763216,0.0014925373134328
Ayam goreng kalasan,0.001695906432748538,0.22916666666666669,0.006341463414634147,0.07906976744186046,0.0910447761194029
Bamboe Lodeh,0.005847953216374269,0.0008333333333333334,0.004878048780487805,0.0,0.0
Pizza hut meat lovers,0.12280701754385966,0.006666666666666667,0.058536585365853655,0.03594080338266385,0.0149253731343283
Starbucks chocolate croissant,0.19883040935672516,0.004166666666666667,0.0975609756097561,0.08033826638477802,0.0970149253731343
Mie Gaga Goreng Lada Hitam,0.2280701754385965,0.007500000000000001,0.07804878048780488,0.11205073995771671,0.0
Spaghetti,0.08128654970760234,0.0061666666666666675,0.01024390243902439,0.0477801268498943,0.0
Eskrim walls feast vanila,0.08187134502923976,0.0016666666666666668,0.03902439024390244,0.03171247357293869,0.0970149253731343
Ham,0.22456140350877193,0.014083333333333333,0.17073170731707318,0.0006342494714587737,0.0
Es krim Diamond durian,0.058479532163742694,0.0016666666666666668,0.029268292682926828,0.025369978858350954,0.0671641791044776
Cold Stone Creamery Oreo Overload,0.5321637426900585,0.01,0.23902439024390243,0.24312896405919662,0.6865671641791045
Kue thipan,0.14444444444444446,0.002416666666666667,0.02048780487804878,0.10465116279069768,0.0
Dodol manado,0.21812865497076023,0.0035833333333333333,0.08048780487804878,0.10972515856236786,0.0
Ampas tahu kering,0.24210526315789474,0.022166666666666668,0.08926829268292684,0.08731501057082452,0.0
Dairy queen hot fudge sundae,0.25146198830409355,0.007500000000000001,0.07317073170731707,0.13953488372093023,0.3880597014925373
Tomat,0.058479532163742694,0.0010833333333333335,0.004878048780487805,0.042283298097251586,0.0261194029850746
Promina sliky puding rasa strawberry,0.06432748538011696,0.0008333333333333334,0.014634146341463414,0.04016913319238901,0.0820895522388059
Kue ali,0.2573099415204678,0.0031666666666666666,0.09024390243902439,0.13636363636363638,0.0
Keripik gadung,0.2608187134502924,0.0023333333333333335,0.07073170731707316,0.16067653276955604,0.0
Daun melinjo,0.0009356725146198831,0.08666666666666667,0.10390243902439025,0.010570824524312896,0.0097014925373134
Indofood Saos Tomat (135 ml),0.011695906432748537,0.0,0.0,0.010570824524312896,0.0298507462686567
donat Krispy kreme glazed chocolate cake,0.14619883040935672,0.0025,0.04878048780487805,0.08033826638477802,0.1791044776119403
Royco nasi goreng,0.008771929824561403,0.0,0.0,0.004228329809725159,0.0149253731343283
Starbucks Almond croissant,0.2456140350877193,0.008333333333333333,0.1073170731707317,0.09513742071881608,0.0970149253731343
Sari Wangi Teh Hitam Jahe & Kunyit,0.0,0.0,0.0,0.0,0.0
Mom Miyuki Go Roa Keripik Pisang Goroho (Roa Pedas),0.10526315789473685,0.0008333333333333334,0.03902439024390244,0.05073995771670191,0.1044776119402985
Emping beras,0.23567251461988303,0.008833333333333334,0.010731707317073172,0.180338266384778,0.0
Tahu goreng,0.06725146198830409,0.008083333333333333,0.041463414634146344,0.005285412262156448,0.0
Kopi Kapal api grande white coffe,0.052631578947368425,0.0008333333333333334,0.00975609756097561,0.03594080338266385,0.0895522388059701
Kabuto,0.14619883040935672,0.002166666666666667,0.012195121951219513,0.07484143763213531,0.0
Bayam,0.058479532163742694,0.0010833333333333335,0.004390243902439025,0.03382663847780127,0.0216417910447761
Nissin Gekikara Ramen Rasa Carbonara Pedas,0.20467836257309943,0.005833333333333334,0.058536585365853655,0.11205073995771671,0.0
Es krim Diamond kacang hijau,0.1286549707602339,0.0033333333333333335,0.05365853658536585,0.025369978858350954,0.0597014925373134
Outback steackhouse T-Bone,0.5321637426900585,0.06583333333333334,0.3121951219512195,0.008456659619450317,0.0
Cheesecake Factory Hot fudge sundae,0.7660818713450293,0.016666666666666666,0.4195121951219512,0.2452431289640592,0.7014925373134329
Sarimuka,0.09707602339181287,0.0019166666666666666,0.013658536585365854,0.06955602536997886,0.0
Kopiko coffe candy,0.023391812865497075,0.0,0.004878048780487805,0.016913319238900635,0.044776119402985
You C1000 vitamin orange,0.04678362573099415,0.0,0.0,0.042283298097251586,0.1492537313432835
Pizza hut deluxe cheese,0.22222222222222224,0.013333333333333334,0.09268292682926829,0.07822410147991543,0.0074626865671641
Tepung Jalejo,0.20292397660818715,0.015833333333333335,0.036585365853658534,0.12938689217758986,0.0
Kacang arab,0.0017543859649122807,0.275,0.2936585365853659,0.05031712473572939,0.0104477611940298
yummy bites banana flavor,0.11111111111111112,0.0016666666666666668,0.0,0.09302325581395349,0.0298507462686567
Oramu ninahu ndawa olaho,"5,85E+10",0.0975,0.02097560975609756,0.028964059196617337,0.0373134328358208
Ayam goreng church texas,0.000760233918128655,0.2391666666666667,0.008292682926829269,0.06553911205073996,0.1171641791044776
Brem,0.1456140350877193,0.0028333333333333335,0.001951219512195122,0.1226215644820296,0.0
Kopiko 78'C coffe latte,0.0935672514619883,0.0033333333333333335,0.014634146341463414,0.059196617336152224,0.1791044776119403
Sayur ndusuk,0.02865497076023392,0.0025833333333333337,0.012195121951219513,0.007610993657505286,0.0
Hershey's Spreads,0.11111111111111112,0.0025,0.058536585365853655,0.042283298097251586,0.1417910447761194
Gery Saluut Malkist Double Abon,0.052631578947368425,0.0008333333333333334,0.012195121951219513,0.03171247357293869,0.0223880597014925
Suweg kukus,0.054385964912280704,0.00125,0.0004878048780487805,0.04630021141649048,0.0
Kentang hitam,0.0005847953216374269,0.11833333333333335,0.16439024390243903,0.0019027484143763216,0.0029850746268656
Cangkuning,0.11929824561403508,0.0023333333333333335,0.036585365853658534,0.06638477801268498,0.0
Daun Tespong,0.0011111111111111111,0.058333333333333334,0.06780487804878049,0.00613107822410148,0.0022388059701492
Doritos barbeque,0.058479532163742694,0.0016666666666666668,0.02195121951219512,0.027484143763213533,0.0074626865671641
Pelolah manuk,0.0013450292397660817,0.18250000000000002,0.021463414634146343,0.041649048625792814,0.1014925373134328
Kopi bubuk instan,0.07543859649122807,0.01025,0.0024390243902439024,0.07399577167019028,0.0
Beras jagung putih,0.058479532163742694,0.0006666666666666668,0.023414634146341463,0.6490486257928119,0.535820895522388
Telur bebek bagian putih,0.00011695906432748539,0.045000000000000005,0.003902439024390244,0.023255813953488372,0.0
Makaroni,0.0014619883040935672,0.2941666666666667,0.38390243902439025,0.01839323467230444,0.0029850746268656
Buavita Orange,0.07017543859649122,0.0,0.0,0.059196617336152224,0.1716417910447761
Sop buntut,0.0003508771929824561,0.05916666666666667,0.010731707317073172,0.015856236786469344,0.026865671641791
Kacang hijau,0.0019298245614035087,0.26916666666666667,0.2770731707317073,0.048414376321353064,0.0111940298507462
Mi sedaap cup mi goreng,0.2280701754385965,0.005,0.08780487804878048,0.10993657505285413,0.0373134328358208
Outback steackhouse new york strip,0.4736842105263158,0.052500000000000005,0.3024390243902439,0.0,0.0
Permen Xylitol Blueberry Mint,0.005847953216374269,0.0,0.0,0.004228329809725159,0.0
Kacang kincai,0.0028654970760233923,0.37000000000000005,0.2682926829268293,0.042071881606765324,0.1194029850746268
Susu WRP Lose weight stroberi,0.1286549707602339,0.011666666666666667,0.029268292682926828,0.052854122621564484,0.1567164179104477
Daun kasbi/singkong karet,0.0007017543859649122,0.07666666666666667,0.05317073170731707,0.008456659619450317,0.026865671641791
Kacang marah tua,0.16374269005847952,0.013916666666666667,0.007804878048780488,0.133615221987315,0.0
Nissin Gekikara Ramen rasa Ayam Pedas,0.2105263157894737,0.005833333333333334,0.06829268292682927,0.10993657505285413,0.0
Widaran,0.247953216374269,0.0010833333333333335,0.05219512195121951,0.17061310782241015,0.0
Mr. Bread Roti tawar,0.11578947368421053,0.005833333333333334,0.014634146341463414,0.07610993657505286,0.0186567164179104
Indomie mi goreng aceh,0.09941520467836258,0.007500000000000001,0.09268292682926829,0.11627906976744186,0.044776119402985
Ichitan Thailand Milk Tea,0.029239766081871347,0.0025,0.029268292682926828,0.07610993657505286,0.1865671641791044
Top coffee Gula Aren,0.011695906432748537,0.0008333333333333334,0.012195121951219513,0.03805496828752643,0.1044776119402985
Sayur umbut kelapa,0.0391812865497076,0.004333333333333334,0.014146341463414635,0.010782241014799155,0.0
Maggi Magic Lezat Bumbu Penyedap,0.0029239766081871343,0.0008333333333333334,0.0,0.0021141649048625794,0.0
Good Time Cookies,0.029239766081871347,0.0016666666666666668,0.029268292682926828,0.04439746300211417,0.0746268656716417
Beras parboiled,0.2064327485380117,0.005666666666666667,0.002926829268292683,0.16913319238900634,0.0
Nangka masak pohon,0.0015789473684210528,0.08833333333333333,0.13463414634146342,0.002536997885835095,0.0022388059701492
Cucuru bayau,0.0007017543859649122,0.29083333333333333,0.18682926829268293,0.01437632135306554,0.1395522388059701
Kalio otak,0.0008187134502923977,0.13083333333333333,0.055609756097560976,0.017124735729386893,0.0656716417910447
Heavenly blush greek yogurt,0.09941520467836258,0.005,0.04390243902439024,0.03382663847780127,0.0671641791044776
Biskuit meiji Hello panda,0.13450292397660818,0.0025,0.04878048780487805,0.06342494714587738,0.0895522388059701
Telur bebek bagian kuning,0.00011695906432748539,0.3216666666666667,0.003902439024390244,0.03594080338266385,0.2611940298507462
Prosana Proffle Biskuit Waffle Tinggi Protein,0.011695906432748537,0.004166666666666667,0.00975609756097561,0.025369978858350954,0.0149253731343283
donat Krispy kreme original glazed,0.11111111111111112,0.0025,0.05365853658536585,0.04439746300211417,0.0746268656716417
Pisang tujuh bulan,0.05497076023391813,0.0005,0.000975609756097561,0.04756871035940804,0.0
Nutrisari Jeju orange,0.03508771929824561,0.0,0.0,0.029598308668076112,0.0820895522388059
Biskuit,0.26783625730994154,0.005750000000000001,0.0702439024390244,0.1587737843551797,0.0
Mie Sagu,0.11111111111111112,0.0001666666666666667,0.001951219512195122,0.09830866807610994,0.0
Tempe gembus P3G,0.04269005847953217,0.004750000000000001,0.006341463414634147,0.021775898520084568,0.0
ABC Sari Kacang Hijau,0.0935672514619883,0.0016666666666666668,0.0,0.07610993657505286,0.0
Kue putu cangkir,0.17777777777777778,0.004416666666666667,0.03414634146341464,0.1160676532769556,0.0
Indofood Sambal Pedas Dahsyat (135 ml),0.014619883040935673,0.0,0.0,0.010570824524312896,0.0298507462686567
Daun jonghe,0.0008187134502923977,0.022500000000000003,0.021463414634146343,0.004439746300211417,0.0052238805970149
Gatot,0.20292397660818715,0.0010833333333333335,0.0034146341463414634,0.17716701902748413,0.0
Sosis Kanzler German Bratwurst,0.08771929824561403,0.0,0.058536585365853655,0.0,0.0
Teh botol sosro less sugar,0.052631578947368425,0.0,0.0,0.046511627906976744,0.1641791044776119
Cassavastick,0.26900584795321636,0.0006666666666666668,0.09121951219512195,0.03636363636363636,0.0
Sate,0.058479532163742694,0.00275,0.10975609756097561,0.3784355179704017,0.0992537313432835
Chitato Maxx Spicy Mexican Chili Flavor,0.029239766081871347,0.0008333333333333334,0.029268292682926828,0.025369978858350954,0.0074626865671641
Nasi / Nasi Putih,0.10526315789473685,0.0025,0.0014634146341463415,0.08414376321353065,0.0
Jampang huma,0.0014619883040935672,0.2916666666666667,0.38146341463414635,0.01331923890063425,0.0104477611940298
Better Sandwich Biscuit,0.03508771929824561,0.0016666666666666668,0.03414634146341464,0.03805496828752643,0.0671641791044776
Starbucks cappuccino (nonfat milk),0.04678362573099415,0.006666666666666667,0.0,0.025369978858350954,0.0
Coca cola zero sugar,0.0,0.0,0.0,0.0,0.0
Umbi Uwi,0.0005263157894736842,0.1,0.4014634146341463,0.005919661733615222,0.003731343283582
Tempe gembus yogya,0.044444444444444446,0.005666666666666667,0.0034146341463414634,0.022410147991543342,0.0
Oreo dutch Cocoa wafer,0.029239766081871347,0.0008333333333333334,0.029268292682926828,0.03594080338266385,0.0671641791044776
Starbucks hot caffe mocha (whole milk),0.1929824561403509,0.010833333333333334,0.058536585365853655,0.08879492600422834,0.0
Yogurt greek heavenly blush strawberrt,0.09941520467836258,0.004166666666666667,0.04390243902439024,0.03805496828752643,0.0746268656716417
Monde Boromon Wafers rasa Strawberry susu,0.03508771929824561,0.0008333333333333334,0.029268292682926828,0.03594080338266385,0.0522388059701492
Ceriping getuk singkong,0.27017543859649124,0.001,0.10097560975609755,0.14312896405919662,0.0
Matoa,0.0006432748538011696,0.07500000000000001,0.10292682926829269,0.002536997885835095,0.0007462686567164
Bayam kukus,0.017543859649122806,0.0010833333333333335,0.0034146341463414634,0.01226215644820296,0.0
Telur bebek albino,0.0005847953216374269,0.15583333333333335,0.014634146341463414,0.024947145877378438,0.1059701492537313
Mie pangsit basah,0.06140350877192983,0.004916666666666667,0.023902439024390244,0.019873150105708247,0.0
Frisian flag california strawberry low fat,0.08771929824561403,0.005833333333333334,0.012195121951219513,0.05073995771670191,0.1641791044776119
HILO PLATINUM Swiss Chocolate Flavour,0.07602339181286549,0.006666666666666667,0.00975609756097561,0.04439746300211417,0.0
Ikan Hiu kering,0.1742690058479532,0.03858333333333333,0.0175609756097561,0.0427061310782241,0.0
Frisian flag gold (kental manis),0.07602339181286549,0.0025,0.01707317073170732,0.046511627906976744,0.1567164179104477
Gandaria masak,0.00023391812865497077,0.05666666666666667,0.08780487804878048,0.0014799154334038055,0.0007462686567164
Teh Kotak Rasa Blackcurrant,0.058479532163742694,0.0,0.0,0.05073995771670191,0.1567164179104477
Oishi Snack Sponge Crunch Chocolate,0.026315789473684213,0.0008333333333333334,0.024390243902439025,0.023255813953488372,0.0373134328358208
KFC extra crispy paha atas,0.1929824561403509,0.018333333333333333,0.11219512195121951,0.019027484143763214,0.0
Saladstop Sea Breeze,0.22181286549707604,0.024583333333333336,0.11219512195121951,0.03678646934460888,0.058955223880597
Butter cookies Monde,0.04093567251461988,0.0016666666666666668,0.03902439024390244,0.042283298097251586,0.0522388059701492
Es krim Wall's oreo cookies cream,0.08187134502923976,0.0016666666666666668,0.03414634146341464,0.03594080338266385,0.0820895522388059
Naan maran sapi,0.004619883040935673,0.3983333333333334,0.024878048780487803,0.08097251585623678,0.2529850746268656
Nissin Walens Chocosoes,0.04678362573099415,0.0016666666666666668,0.03902439024390244,0.029598308668076112,0.0597014925373134
East Bali Cashews Granola With Rosella Cinnamon,0.0736842105263158,0.0020833333333333333,0.01951219512195122,0.039112050739957716,0.0373134328358208
Jasjus Rasa Anggur,0.014619883040935673,0.0,0.0,0.012684989429175477,0.0373134328358208
Beras jagung kuning kering,0.0005263157894736842,0.29833333333333334,0.4034146341463415,0.011627906976744186,0.0007462686567164
Indomie kari ayam,0.1871345029239766,0.005833333333333334,0.058536585365853655,0.09725158562367865,0.0298507462686567
Ikan Hiu,0.0006432748538011696,0.0475,0.010731707317073172,0.022621564482029597,0.0022388059701492
Bebek albino,0.058479532163742694,0.0008333333333333334,0.055121951219512196,0.6405919661733616,0.0276119402985074
Jagung pipil var,0.058479532163742694,0.001,0.03024390243902439,0.7758985200845666,0.5686567164179105
Starbucks Iced caffe mocha (notfat milk),0.11695906432748539,0.007500000000000001,0.012195121951219513,0.07610993657505286,0.0
Gadeng / Gadung kering,0.18830409356725147,0.002,0.002926829268292683,0.16194503171247357,0.0
Sirup pirous,0.13333333333333333,0.0001666666666666667,0.001951219512195122,0.11818181818181818,0.0
You C1000 vitamin apple,0.03508771929824561,0.0,0.0,0.029598308668076112,0.1044776119402985
Susu sapi,0.00040935672514619883,0.050833333333333335,0.02097560975609756,0.006765327695560254,0.0261194029850746
Roti gandum,0.156140350877193,0.008933333333333335,0.015804878048780488,0.10291754756871037,0.0441044776119403
Ikan Mujahir / Mujair pepes,0.07076023391812866,0.018083333333333333,0.013658536585365854,0.0016913319238900635,0.0
Lilin bungkus gedi,0.046198830409356725,0.0019166666666666666,0.025365853658536587,0.01226215644820296,0.0
Mie celon,0.05964912280701754,0.0025,0.01024390243902439,0.03763213530655391,0.0
Beef burger,0.15087719298245614,0.008833333333333334,0.046341463414634146,0.06871035940803383,0.0
Kelapa Muda ,0.058479532163742694,0.0006666666666666668,0.004878048780487805,0.1437632135306554,0.1044776119402985
Walens choco soes,0.08187134502923976,0.0016666666666666668,0.03902439024390244,0.029598308668076112,0.0
Kapurung,0.023976608187134502,0.0016666666666666668,0.0014634146341463415,0.01649048625792812,0.0
Daun kesum,0.00046783625730994154,0.04,0.04439024390243902,0.009513742071881607,0.0059701492537313
Ketela pohon / singkong,0.00029239766081871346,0.12833333333333335,0.1795121951219512,0.0021141649048625794,0.0022388059701492
Teh melati daun kering,0.17485380116959065,0.020083333333333335,0.01707317073170732,0.12473572938689219,0.0
Tony roma's potato skin,0.4391812865497076,0.029166666666666667,0.24878048780487805,0.08668076109936576,0.0149253731343283
Yogurt mixed berry,0.08187134502923976,0.0033333333333333335,0.01951219512195122,0.046511627906976744,0.0
Susu Bear brand gold malt putih,0.07017543859649122,0.0033333333333333335,0.007317073170731707,0.04016913319238901,0.0
Pisang goroho,0.0005847953216374269,0.09916666666666667,0.13609756097560974,0.0031712473572938693,0.0014925373134328
brokoli ,0.05292397660818714,0.019333333333333334,0.009268292682926829,0.006765327695560254,0.0014925373134328
Keripik oncom,0.3497076023391813,0.006916666666666667,0.21365853658536585,0.09006342494714588,0.0
Tepung terigu,0.19473684210526315,0.007500000000000001,0.004878048780487805,0.16321353065539113,0.0
Kelapa muda,0.058479532163742694,0.0003333333333333334,0.000975609756097561,0.03594080338266385,0.0283582089552238
Richeese Nabati Wafer Krim Keju,0.023391812865497075,0.0,0.007317073170731707,0.012684989429175477,0.0
Dairy queen Vanilla cone,0.1929824561403509,0.007500000000000001,0.04390243902439024,0.10993657505285413,0.2686567164179104
Kacang gude rebus,0.08596491228070176,0.007500000000000001,0.0024390243902439024,0.05813953488372093,0.0
Carman's bircher muesli,0.24619883040935672,0.01225,0.08341463414634147,0.10169133192389007,0.1194029850746268
Ikan Pomo,0.0008187134502923977,0.12250000000000001,0.012682926829268294,0.04756871035940804,0.0388059701492537
Taoge,0.00023391812865497077,0.028333333333333335,0.02097560975609756,0.007822410147991544,0.008955223880597
Nutrisari jus jambu,0.03508771929824561,0.0,0.007317073170731707,0.027484143763213533,0.0895522388059701
Ultra milk low fat source of calcium,0.052631578947368425,0.005833333333333334,0.012195121951219513,0.023255813953488372,0.0
Piattos Sambal Terasi Flavor,0.026315789473684213,0.0008333333333333334,0.024390243902439025,0.027484143763213533,0.0074626865671641
Bengkuang,0.00029239766081871346,0.04916666666666667,0.0624390243902439,0.002959830866807611,0.0014925373134328
Umbut kelapa,0.000760233918128655,0.0325,0.0351219512195122,0.004228329809725159,0.0014925373134328
Sarimi Gelas Rasa Kari Ayam,0.04093567251461988,0.006666666666666667,0.03902439024390244,0.03382663847780127,0.0074626865671641
Martabak india,0.08947368421052632,0.0037500000000000003,0.02048780487804878,0.05137420718816068,0.0
Wajit camilan,0.17719298245614035,0.00525,0.013170731707317074,0.13382663847780127,0.0
Taro net,0.04678362573099415,0.0016666666666666668,0.00975609756097561,0.03171247357293869,0.0
Sayur umbut rotan,0.03333333333333333,0.0045000000000000005,0.012682926829268294,0.006553911205073996,0.0
Kakicak,0.17309941520467836,0.0028333333333333335,0.07365853658536585,0.07758985200845667,0.0
Yoforia Berry smooth,0.07602339181286549,0.0033333333333333335,0.00975609756097561,0.05073995771670191,0.1492537313432835
Nissin Butter Coconut Biscuits,0.058479532163742694,0.0008333333333333334,0.024390243902439025,0.029598308668076112,0.0298507462686567
Herslim,0.005847953216374269,0.010833333333333334,0.007317073170731707,0.027484143763213533,0.0149253731343283
Indomie rasa kaldu ayam,0.06432748538011696,0.005,0.058536585365853655,0.10570824524312897,0.0
Papeda,0.03567251461988304,0.0001666666666666667,0.0004878048780487805,0.03150105708245243,0.0
Daun oyong,0.0003508771929824561,0.018333333333333333,0.025853658536585365,0.0021141649048625794,0.0007462686567164
The coffe bean & tea leaf pure chocolate ice blended drink,0.2280701754385965,0.0125,0.03414634146341464,0.1522198731501057,0.4402985074626865
wrp everyday susu bubuk rasa choco hazelnut,0.06432748538011696,0.004166666666666667,0.004878048780487805,0.04439746300211417,0.0
Ichi ocha,0.0,0.0,0.0,0.054968287526427066,0.1791044776119403
MR. P Honey Peanuts,0.08771929824561403,0.005833333333333334,0.058536585365853655,0.010570824524312896,0.0223880597014925
Suwir-suwir,0.20292397660818715,0.0004166666666666667,0.004390243902439025,0.17801268498942918,0.0
Daun labu siam,0.0007017543859649122,0.028333333333333335,0.022926829268292682,0.008456659619450317,0.0029850746268656
Uceng / bunga melinjo,0.0009941520467836257,0.06833333333333334,0.05707317073170731,0.01226215644820296,0.0097014925373134
Golden Farm mixed vegetable,0.04093567251461988,0.0025,0.004878048780487805,0.029598308668076112,0.0298507462686567
Kue pelita,0.0824561403508772,0.004416666666666667,0.026829268292682926,0.0372093023255814,0.0
Dairy queen chocolate dipped cone,0.26900584795321636,0.007500000000000001,0.1073170731707317,0.12473572938689219,0.3208955223880597
Jeruk banjar,0.00023391812865497077,0.050833333333333335,0.06878048780487804,0.0016913319238900635,0.0014925373134328
Daun labu wuluh/kuning,0.0009356725146198831,0.028333333333333335,0.02195121951219512,0.007610993657505286,0.0044776119402985
Ikan Mayong,0.0008771929824561404,0.08083333333333334,0.001951219512195122,0.037843551797040166,0.0149253731343283
Ikan Tarmon,0.00046783625730994154,0.08,0.00975609756097561,0.0412262156448203,0.0082089552238805
Soto jeroan,0.0006432748538011696,0.07666666666666667,0.006829268292682927,0.024947145877378438,0.0320895522388059
Tedong pallu basa,0.0009941520467836257,0.06916666666666667,0.013658536585365854,0.021987315010570826,0.0253731343283582
Tepung Ganyong,0.2064327485380117,0.0006666666666666668,0.008292682926829269,0.17674418604651163,0.0
Umbut rotan,0.019883040935672516,0.002,0.0014634146341463415,0.011627906976744186,0.0
Beras ladang,0.0005263157894736842,0.31333333333333335,0.3804878048780488,0.015856236786469344,0.0283582089552238
Yogurt frozen pinkberry (Kecil),0.08771929824561403,0.005,0.0,0.06553911205073996,0.2238805970149253
Golden Farm corn kernel,0.04093567251461988,0.0025,0.004878048780487805,0.029598308668076112,0.0223880597014925
Pempek telur,0.0011111111111111111,0.13,0.1380487804878049,0.009936575052854123,0.0201492537313432
Nutrisari Florida orange,0.029239766081871347,0.0,0.0,0.027484143763213533,0.0820895522388059
NutriBoost rasa kopi,0.017543859649122806,0.0025,0.014634146341463414,0.04016913319238901,0.1044776119402985
Ultra Sari Kacang Ijo,0.052631578947368425,0.0016666666666666668,0.0,0.046511627906976744,0.0
Quinoa,0.07017543859649122,0.003666666666666667,0.009365853658536585,0.04503171247357294,0.0
Kacang tolo rebus,0.08070175438596491,0.008916666666666666,0.005365853658536586,0.0477801268498943,0.0
Lamtoro biji muda,0.0007017543859649122,0.07083333333333333,0.07512195121951219,0.012050739957716702,0.0022388059701492
Roma Malkist,0.07017543859649122,0.0016666666666666668,0.02195121951219512,0.04016913319238901,0.0223880597014925
Tahu Bakso,0.13508771929824562,0.009833333333333335,0.05951219512195122,0.045243128964059194,0.008955223880597
Sonice Bakso kuah sapi,0.0935672514619883,0.006666666666666667,0.024390243902439025,0.042283298097251586,0.0
Ayam goreng church texas,0.0008771929824561404,0.2816666666666667,0.001951219512195122,0.0744186046511628,0.1537313432835821
Saladstop tingtong,0.49321637426900583,0.025500000000000002,0.2253658536585366,0.17610993657505286,0.1082089552238805
Takwa,0.08654970760233918,0.011500000000000002,0.041463414634146344,0.008456659619450317,0.0
Monde Boromon cookies original flavor,0.04678362573099415,0.0,0.0,0.03805496828752643,0.0
Keju Lemnos Grated Parmesan,0.022222222222222223,0.00275,0.027317073170731707,0.0021141649048625794,0.0074626865671641
Good Day Mocacinno,0.011695906432748537,0.0008333333333333334,0.00975609756097561,0.03382663847780127,0.0970149253731343
kacang garuda roste kacang panggang,0.07602339181286549,0.004166666666666667,0.024390243902439025,0.03382663847780127,0.0
Tepung Tales Banten,0.19415204678362574,0.004750000000000001,0.002926829268292683,0.16088794926004227,0.0
Coklat Toblerone,0.07602339181286549,0.0008333333333333334,0.03414634146341464,0.03171247357293869,0.1119402985074626
Es Krim Walls Cappuccino,0.04093567251461988,0.0008333333333333334,0.03902439024390244,0.04016913319238901,0.0746268656716417
Cashew,0.32339181286549706,0.015183333333333333,0.21390243902439024,0.06382663847780128,0.0
Kucai muda (lokio),0.0010526315789473684,0.035,0.03804878048780488,0.008033826638477801,0.0044776119402985
Susu kuda,0.00023391812865497077,0.03333333333333333,0.02634146341463415,0.004228329809725159,0.0082089552238805
Eskrim cornetto oreo,0.14035087719298245,0.0016666666666666668,0.05365853658536585,0.06976744186046512,0.1492537313432835
Keripik Qtela ubi ungu,0.058479532163742694,0.0,0.024390243902439025,0.029598308668076112,0.0223880597014925
Susu Bear brand gold teh putih,0.04093567251461988,0.0033333333333333335,0.00975609756097561,0.021141649048625793,0.0
Es teh tawar,0.0011695906432748538,"1,67E+11",0.0,0.0014164904862579283,0.0
susu tango kido rasa banana pudding,0.052631578947368425,0.008333333333333333,0.012195121951219513,0.03171247357293869,0.0
Biskuit WRP Everyday chocolate chip,0.058479532163742694,0.0008333333333333334,0.024390243902439025,0.023255813953488372,0.0
Ampas tahu mentah,0.0391812865497076,0.004166666666666667,0.01024390243902439,0.017124735729386893,0.0
Anyang,0.0008771929824561404,0.10500000000000001,0.05024390243902439,0.00718816067653277,0.058955223880597
Ikan Banjar,0.0008187134502923977,0.09250000000000001,0.023414634146341463,0.041014799154334036,0.0067164179104477
Misoa,0.2017543859649123,0.007083333333333334,0.010731707317073172,0.1649048625792812,0.0
Ares,0.0017543859649122807,0.09416666666666668,0.054634146341463415,0.0019027484143763216,0.053731343283582
biskuit Lotte choco pie,0.07017543859649122,0.0008333333333333334,0.02195121951219512,0.04016913319238901,0.0746268656716417
Srikaya ketan,0.15497076023391812,0.0022500000000000003,0.03121951219512195,0.10380549682875265,0.0
Dairy queen oreo cookie blizzard,0.456140350877193,0.0125,0.14146341463414633,0.24735729386892177,0.6268656716417911
Puffies Soes Crunchy Cheese,0.017543859649122806,0.0016666666666666668,0.029268292682926828,0.012684989429175477,0.0
Pocky double choco,0.14035087719298245,0.0033333333333333335,0.058536585365853655,0.0613107822410148,0.0671641791044776
Mie sedap instan kari spesial,0.07602339181286549,0.006666666666666667,0.06829268292682927,0.09936575052854123,0.0223880597014925
Jasjus Rasa Lemon,0.014619883040935673,0.0,0.0,0.012684989429175477,0.0373134328358208
Telur ayam kampung,0.0005263157894736842,0.14500000000000002,0.005853658536585366,0.02283298097251586,0.1044776119402985
Sagu rendang,0.2128654970760234,"8,33E+10",0.000975609756097561,0.19133192389006343,0.0
Silverqueen Crispy with Milk Chocolate,0.09941520467836258,0.0033333333333333335,0.04878048780487805,0.03171247357293869,0.0820895522388059
Sukun tua,0.0736842105263158,0.0013333333333333335,0.000975609756097561,0.051797040169133196,0.0
Kacang belimbing (kecipir),0.002456140350877193,0.33333333333333337,0.16634146341463416,0.07272727272727272,0.1261194029850746
Lapis legit,0.22748538011695907,0.0055,0.07658536585365854,0.11733615221987316,0.0
Wijen,0.003391812865497076,0.4733333333333334,0.08829268292682928,0.04080338266384778,0.3813432835820896
Susu Ultra Milk Rasa Stroberi,0.017543859649122806,0.005,0.01707317073170732,0.046511627906976744,0.126865671641791
Agar-agar double swallow sun,0.014619883040935673,0.0,0.0,0.012684989429175477,0.0
Cocoa powder Van Houten,0.07017543859649122,0.005,0.01951219512195122,0.03171247357293869,0.0
Jambu bool,0.00046783625730994154,0.04083333333333333,0.04682926829268293,0.004862579281183933,0.0014925373134328
Tiwul,0.2064327485380117,0.002,0.005365853658536586,0.17632135306553914,0.0
Nissin Longer Stick Biscuits,0.029239766081871347,0.0016666666666666668,0.029268292682926828,0.04439746300211417,0.0373134328358208
Nasi coklat,0.06549707602339182,0.0019166666666666666,0.003902439024390244,0.049682875264270614,0.0
Chicki Taro Net rasa BBQ,0.052631578947368425,0.0008333333333333334,0.012195121951219513,0.03171247357293869,0.0
Saladstop Jai Ho,0.19,0.018583333333333334,0.06975609756097562,0.059830866807610995,0.0626865671641791
Chocodrink,0.011695906432748537,0.0016666666666666668,0.012195121951219513,0.048625792811839326,0.1343283582089552
Asam masak pohon,0.0015789473684210528,0.2225,0.3048780487804878,0.005919661733615222,0.0044776119402985
Bayam rebus,0.013450292397660818,0.001,0.002926829268292683,0.007822410147991544,0.0
Kelio telur,0.0008187134502923977,0.16083333333333336,0.0473170731707317,0.022410147991543342,0.0925373134328358
Tahu,0.04678362573099415,0.009083333333333334,0.022926829268292682,0.0016913319238900635,0.0
Sariroti roti tawar double soft,0.08187134502923976,0.0033333333333333335,0.014634146341463414,0.048625792811839326,0.0074626865671641
Mcdonald Triple cheeseburger,0.30409356725146197,0.02666666666666667,0.13658536585365855,0.07610993657505286,0.0522388059701492
Sagu singkong kering,0.21169590643274855,0.0004166666666666667,0.0014634146341463415,0.18372093023255817,0.0
Indomie Hype Abis Seblak Hot Jeletot,0.2105263157894737,0.005833333333333334,0.08292682926829269,0.09302325581395349,0.0
Monde Boromon Cookies milk flavour,0.0,0.0,0.0,0.03805496828752643,0.0373134328358208
Frisian flag belgian chocolate low fat,0.08771929824561403,0.005833333333333334,0.012195121951219513,0.052854122621564484,0.1417910447761194
Subway classic tuna sandwich,0.27485380116959063,0.016666666666666666,0.12195121951219512,0.08668076109936576,0.0373134328358208
Eskrim Magnum classic,0.14035087719298245,0.0025,0.06341463414634146,0.06342494714587738,0.1343283582089552
Keripik tempe,0.33976608187134505,0.010083333333333333,0.1980487804878049,0.08816067653276957,0.0
Susu Bubuk,0.3,0.0205,0.14634146341463414,0.07653276955602538,0.0
Jangang bintatoeng,0.0014035087719298245,0.08916666666666667,0.08048780487804878,0.011205073995771671,0.0164179104477611
Golden Farm french fries,0.09941520467836258,0.0025,0.02195121951219512,0.0613107822410148,0.0
Telur ayam ras bagian kuning,0.0009941520467836257,0.29583333333333334,0.0034146341463414634,0.03446088794926005,0.2380597014925373
Ayam,0.058479532163742694,0.00125,0.13365853658536583,0.5517970401691332,0.0119402985074626
Bakso ikan,0.06257309941520468,0.009391666666666666,0.006,0.024778012684989432,0.0
Yogurt frozen pinkberry (Medium),0.14035087719298245,0.007500000000000001,0.0,0.10570824524312897,0.3507462686567164
PRONAS Classic chunky corned beef (340 g),0.04093567251461988,0.006666666666666667,0.01707317073170732,0.004228329809725159,0.0
Sayur lebui,0.03742690058479532,0.0017500000000000003,0.002926829268292683,0.026427061310782242,0.0
Indomie rasa soto lamongan,0.07602339181286549,0.008333333333333333,0.06829268292682927,0.10147991543340382,0.0298507462686567
Jali,0.0005847953216374269,0.27,0.2975609756097561,0.023255813953488372,0.0298507462686567
Elle vire yogurt,0.052631578947368425,0.0019166666666666666,0.015121951219512195,0.027484143763213533,0.0820895522388059
Markisa squash,0.12690058479532165,0.0020833333333333333,0.004878048780487805,0.10486257928118393,0.0
Putu sopa,0.12573099415204678,0.00275,0.019999999999999997,0.08689217758985202,0.0
pop mie rasa soto ayam dengan nasi,0.14619883040935672,0.005833333333333334,0.07317073170731707,0.10147991543340382,0.0373134328358208
Geblek,0.11403508771929825,0.0003333333333333334,0.008292682926829269,0.09386892177589852,0.0
Agar-agar swallow globe brand,0.011695906432748537,0.0,0.0,0.016913319238900635,0.0
Permen Xylitol fresh mint,0.005847953216374269,0.0,0.0,0.0063424947145877385,0.0
Gambas (oyong),0.00023391812865497077,0.015833333333333335,0.019999999999999997,0.0016913319238900635,0.0014925373134328
Nasi tim,0.07017543859649122,0.0028333333333333335,0.001951219512195122,0.054968287526427066,0.0
Sei reuboh,0.0012865497076023392,0.395,0.05707317073170731,0.023678646934460888,0.3171641791044776
Buah merah,0.05087719298245614,0.002166666666666667,0.013170731707317074,0.027695560253699788,0.0
Subway steak and cheese sandwich,0.2105263157894737,0.02,0.04878048780487805,0.09090909090909091,0.0373134328358208
Beras hitam,0.0005263157894736842,0.29250000000000004,0.3751219512195122,0.016913319238900635,0.0097014925373134
Apang kukus,0.00029239766081871346,0.16833333333333333,0.2278048780487805,0.0063424947145877385,0.0022388059701492
Talas viqueque,0.0007017543859649122,0.09583333333333334,0.12634146341463415,0.003805496828752643,0.003731343283582
Indofood Kecap Manis (135 ml),0.026315789473684213,0.0,0.0,0.023255813953488372,0.0671641791044776
Tanderloin,0.08830409356725147,0.017108333333333337,0.03721951219512195,"2,11E+11",0.0
Golden Farm frozen pea,0.052631578947368425,0.005833333333333334,0.004878048780487805,0.025369978858350954,0.0223880597014925
White Anchovy Powder,0.008771929824561403,0.0025,0.0,0.0,0.0
Beef yakiniku,0.07719298245614035,0.008166666666666668,0.005365853658536586,0.04376321353065539,0.0
Asam arang coklat,0.0008187134502923977,0.10833333333333334,0.15073170731707317,0.0010570824524312897,0.0082089552238805
Mie Sedaap Instant Rasa Soto 75 g,0.19883040935672516,0.006666666666666667,0.06341463414634146,0.09725158562367865,0.0223880597014925
Kacang gude,0.002456140350877193,0.26333333333333336,0.28292682926829266,0.04376321353065539,0.0074626865671641
Entrasol Quick Start Chia Seeds,0.07602339181286549,0.0016666666666666668,0.01707317073170732,0.046511627906976744,0.0895522388059701
Ketupat kandangan,0.06374269005847953,0.0018333333333333335,0.025365853658536587,0.028329809725158563,0.0
Hickory smoked BBQ  (classic wings),0.1,0.0125,0.03902439024390244,0.016913319238900635,0.0522388059701492
Susu bubuk dancow fullcream,0.07017543859649122,0.004166666666666667,0.029268292682926828,0.027484143763213533,0.0
Roma sari gandum,0.058479532163742694,0.0016666666666666668,0.01951219512195122,0.027484143763213533,0.0223880597014925
Bihun jagung,0.00029239766081871346,0.29500000000000004,0.4263414634146342,0.0010570824524312897,0.0022388059701492
Cuka,0.012280701754385965,"8,33E+10",0.0004878048780487805,0.010570824524312896,0.0
Gadung kukus,0.05146198830409357,0.0005,0.0014634146341463415,0.044186046511627906,0.0
Akar tonjong,0.0005847953216374269,0.037500000000000006,0.0526829268292683,0.0023255813953488376,0.0029850746268656
Lemon,0.00017543859649122806,0.028333333333333335,0.03024390243902439,0.0010570824524312897,0.0059701492537313
Sariroti Sandwich kacang,0.08187134502923976,0.004166666666666667,0.029268292682926828,0.03805496828752643,0.0149253731343283
Model,0.000760233918128655,0.06583333333333334,0.04195121951219512,0.004651162790697675,0.0298507462686567
Ikan Bawal,0.000760233918128655,0.07583333333333334,0.0,0.04016913319238901,0.0126865671641791
Tauco cap meong,0.09298245614035087,0.0061666666666666675,0.023902439024390244,0.04503171247357294,0.0
donat Krispy kreme oreo chocolate cream,0.2280701754385965,0.0033333333333333335,0.1024390243902439,0.10359408033826639,0.2014925373134328
Khong guan malkist sayur,0.058479532163742694,0.0016666666666666668,0.01951219512195122,0.029598308668076112,0.0
Kerupuk udang goreng,0.2789473684210526,0.003916666666666667,0.1,0.14482029598308668,0.0
Steamed Dumpling,0.0011111111111111111,0.07666666666666667,0.06341463414634146,0.0040169133192389005,0.0261194029850746
Mi kering,0.19824561403508772,0.008333333333333333,0.008292682926829269,0.01331923890063425,0.0
Taoge seduh,0.016374269005847954,0.0025,0.003902439024390244,0.008456659619450317,0.0
bebelac gold,0.029239766081871347,0.005,0.029268292682926828,0.05073995771670191,0.126865671641791
Daun leunca,0.0009941520467836257,0.04083333333333333,0.03951219512195122,0.009936575052854123,0.003731343283582
Daun gedi kecil,0.0011695906432748538,0.050833333333333335,0.050731707317073174,0.006765327695560254,0.0052238805970149
Cimory yogurt set,0.058479532163742694,0.0025,0.012195121951219513,0.03382663847780127,0.0820895522388059
Kacang kedelai,0.003216374269005848,0.3175,0.12146341463414634,0.0854122621564482,0.1246268656716417
Jagung kuning pipil,0.058479532163742694,0.002,0.04780487804878049,0.773784355179704,0.5156716417910447
Royco kaldu ayam,0.0,0.0,0.0,0.0,0.0
Tempe kacang babi,0.08128654970760234,0.010416666666666668,0.003902439024390244,0.04630021141649048,0.0
Dairy queen mocha moolatte,0.3391812865497076,0.008333333333333333,0.1073170731707317,0.18604651162790697,0.5746268656716418
SUP KRIM AYAM ROYCO,0.029239766081871347,0.0016666666666666668,0.004878048780487805,0.0,0.0
Sarimi Kaldu Ayam,0.1871345029239766,0.0033333333333333335,0.058536585365853655,0.09513742071881608,0.0820895522388059
Daun pakis wambateu,0.000760233918128655,0.04416666666666667,0.0351219512195122,0.00718816067653277,0.008955223880597
Koro kerupuk,0.0009941520467836257,0.10416666666666667,0.1078048780487805,0.01754756871035941,0.0052238805970149
Daun bebuas,0.0006432748538011696,0.03416666666666667,0.03560975609756097,0.005708245243128965,0.0074626865671641
Jeruk garut-keprok,0.025730994152046785,0.0006666666666666668,0.0014634146341463415,0.023044397463002117,0.0
Kue gelang,0.26198830409356727,0.004833333333333334,0.07853658536585366,0.14799154334038056,0.0
Sariroti Roti tawar,0.11695906432748539,0.005833333333333334,0.014634146341463414,0.07822410147991543,0.0149253731343283
Hangop/Butter milk/Whey,0.038011695906432746,0.008333333333333333,0.004878048780487805,0.007399577167019028,0.0
Bagea kenari asin,0.30935672514619883,0.002666666666666667,0.14195121951219514,0.13446088794926006,0.0
Keripik bayam,0.34269005847953216,0.004083333333333334,0.1980487804878049,0.10613107822410149,0.0
Coklat silverqueen chunky almond bar,0.09941520467836258,0.0025,0.05365853658536585,0.03171247357293869,0.0895522388059701
RITZ Creackers Original (isis 3 pack),0.08187134502923976,0.0016666666666666668,0.029268292682926828,0.042283298097251586,0.0
Ichitan Thai Milk Tea,0.026315789473684213,0.0016666666666666668,0.024390243902439025,0.05073995771670191,0.126865671641791
Indomie mi goreng,0.07602339181286549,0.006666666666666667,0.06829268292682927,0.11416490486257928,0.0597014925373134
Pop Ice Moccacino,0.008771929824561403,0.0008333333333333334,0.007317073170731707,0.046511627906976744,0.1119402985074626
Cokelat pasta,0.07602339181286549,0.0016666666666666668,0.06829268292682927,0.06765327695560254,0.1567164179104477
Kacang kedelai segar,0.1672514619883041,0.025166666666666667,0.07609756097560975,0.06363636363636364,0.0
Ubi jalar tinta / kemayung kukus,0.09649122807017545,0.00075,0.000975609756097561,0.08414376321353065,0.0
Buah kom,0.0009941520467836257,0.22,0.29073170731707315,0.008456659619450317,0.0082089552238805
Frisian flag cokelat (kental manis),0.07894736842105263,0.0008333333333333334,0.02195121951219512,0.048625792811839326,0.1417910447761194
Bagea kelapa manis,0.26432748538011697,0.0010833333333333335,0.06731707317073171,0.1704016913319239,0.0
Jagung muda,0.058479532163742694,0.00075,0.024878048780487803,0.3107822410147992,0.2350746268656716
Keremes,0.2777777777777778,0.0013333333333333335,0.12292682926829268,0.13615221987315013,0.0
Paria putih,0.0003508771929824561,0.015833333333333335,0.0175609756097561,0.0021141649048625794,0.0029850746268656
Minyak zaitun,0.5169590643274854,0.0,0.4878048780487805,0.0,0.0
Soto pemalang,0.0009941520467836257,0.0625,0.01707317073170732,0.007610993657505286,0.0388059701492537
Beras giling,0.00046783625730994154,0.29750000000000004,0.3760975609756097,0.017758985200845668,0.0126865671641791
Gulai asam keueung,0.0009941520467836257,0.043333333333333335,0.00878048780487805,0.021141649048625793,0.003731343283582
Pundut nasi,0.0608187134502924,0.0015833333333333333,0.019999999999999997,0.03192389006342495,0.0
Vodka,0.025146198830409357,0.0003833333333333334,0.0,0.007505285412262156,0.0
Pop Ice Mangga,0.008771929824561403,0.0008333333333333334,0.007317073170731707,0.046511627906976744,0.1119402985074626
Sardines dalam kaleng,0.1976608187134503,0.017583333333333336,0.13170731707317074,0.0021141649048625794,0.0
Ovomaltine,0.06374269005847953,0.0006666666666666668,0.03121951219512195,0.025158562367864696,0.0813432835820895
Susu kedelai,0.023976608187134502,0.002916666666666667,0.012195121951219513,0.010570824524312896,0.0
Paku hinela wulelenggapaya,0.04502923976608187,0.002916666666666667,0.0224390243902439,0.01141649048625793,0.0
Keju greenfileds mozzarella,0.052631578947368425,0.005833333333333334,0.029268292682926828,0.004228329809725159,0.0
Kratingdaeng Pro,0.07017543859649122,0.0,0.0,0.05708245243128964,0.2014925373134328
Ikan Heu,0.003625730994152047,0.0675,0.03219512195121951,0.021141649048625793,0.0119402985074626
Daun gandaria,0.0009356725146198831,0.052500000000000005,0.06829268292682927,0.006553911205073996,0.0022388059701492
Sagu aren kering,0.20760233918128657,0.0005,0.005365853658536586,0.18097251585623678,0.0
Ganyong rebus,0.058479532163742694,0.0006666666666666668,0.000975609756097561,0.05031712473572939,0.0
Rendang sapi,0.0022222222222222222,0.16083333333333336,0.03804878048780488,0.0477801268498943,0.058955223880597
Roma : Biskuit Kelapa,0.07602339181286549,0.0016666666666666668,0.024390243902439025,0.04016913319238901,0.044776119402985
Superco,0.04678362573099415,0.0008333333333333334,0.014634146341463414,0.027484143763213533,0.0298507462686567
Saus Sesame,0.058479532163742694,0.0008333333333333334,0.04390243902439024,0.008456659619450317,0.0
Pepea oncom ampas tahu,0.044444444444444446,0.004333333333333334,0.00878048780487805,0.022410147991543342,0.0
Nissin Assorted Biscuits,0.026315789473684213,0.0008333333333333334,0.024390243902439025,0.03805496828752643,0.0522388059701492
So you minuman kedelai,0.058479532163742694,0.0033333333333333335,0.012195121951219513,0.03171247357293869,0.0820895522388059
Sayur asem,0.016959064327485382,0.0005833333333333334,0.002926829268292683,0.010570824524312896,0.0
Lamtoro var. gung tanpa kulit,0.21461988304093568,0.03866666666666667,0.02634146341463415,0.06871035940803383,0.0
Ikan Bambangan,0.000760233918128655,0.09333333333333334,0.01804878048780488,0.042283298097251586,0.0097014925373134
Khong guan Saltcheese,0.04678362573099415,0.0008333333333333334,0.01951219512195122,0.021141649048625793,0.0149253731343283
Tauco,0.10760233918128655,0.009500000000000001,0.026829268292682926,0.04693446088794926,0.0
Saladstop Cobb,0.3146198830409357,0.028333333333333335,0.1721951219512195,0.04249471458773785,0.0477611940298507
SOESNACK CHEESE,0.026315789473684213,0.0008333333333333334,0.01707317073170732,0.0063424947145877385,0.0
Batatas kelapa,0.058479532163742694,0.0005833333333333334,0.005365853658536586,0.18816067653276958,0.1567164179104477
Vigus,0.025730994152046785,0.002,0.0004878048780487805,0.01754756871035941,0.0
Sapi,0.058479532163742694,0.00275,0.07073170731707316,0.9471458773784356,0.0171641791044776
permen xylitol jeruk nipis,0.005847953216374269,0.0,0.0,0.004228329809725159,0.0
Taoge goreng,0.05146198830409357,0.002666666666666667,0.01024390243902439,0.029598308668076112,0.0
Sariroti Sandwich pandan sarikaya,0.06432748538011696,0.0016666666666666668,0.012195121951219513,0.04016913319238901,0.0298507462686567
Garlic parmesan (classic wings),0.12046783625730995,0.013333333333333334,0.07317073170731707,0.0021141649048625794,0.0
Sapi,0.058479532163742694,0.002,0.07804878048780488,0.5792811839323467,0.0223880597014925
Monde Serena Egg Rolls Original,0.026315789473684213,0.0008333333333333334,0.024390243902439025,0.016913319238900635,0.0298507462686567
You C1000 Lemon Water,0.08771929824561403,0.0,0.0,0.07822410147991543,0.2761194029850746
Gery Saluut Malkist,0.07602339181286549,0.0016666666666666668,0.024390243902439025,0.04016913319238901,0.0373134328358208
quaker instan oatmeal,0.08187134502923976,0.0033333333333333335,0.01707317073170732,0.05073995771670191,0.0
Koro wedus / polong,0.026900584795321637,0.0025,0.0014634146341463415,0.016701902748414377,0.0
Sirup Sunquick Exotic,0.026315789473684213,0.0,0.0,0.023255813953488372,0.0820895522388059
Bubur tinotuan (Manado),0.0912280701754386,0.0019166666666666666,0.000975609756097561,0.03298097251585624,0.0
Tony roma's,0.5853801169590643,0.060000000000000005,0.37073170731707317,0.0021141649048625794,0.0
Frisian flag full cream,0.08187134502923976,0.005833333333333334,0.03414634146341464,0.027484143763213533,0.0820895522388059
Pop Ice flavour strawberry,0.011695906432748537,0.0008333333333333334,0.00975609756097561,0.046511627906976744,0.1417910447761194
Teajus Madu,0.017543859649122806,0.0,0.0,0.014799154334038056,0.0522388059701492
KitKat,0.052631578947368425,0.0008333333333333334,0.024390243902439025,0.021141649048625793,0.0
Daun semanggi,0.0011111111111111111,0.037500000000000006,0.041463414634146344,0.00930232558139535,0.003731343283582
Saus Hoisin,0.058479532163742694,0.0008333333333333334,0.0024390243902439024,0.046511627906976744,0.1567164179104477
Keddo bodong,0.1695906432748538,0.003833333333333333,0.027804878048780488,0.11670190274841438,0.0
Buah negri,0.00046783625730994154,0.04583333333333334,0.05951219512195122,0.002536997885835095,0.0007462686567164
Beras,"5,85E+10",0.0825,0.10926829268292683,0.003594080338266385,0.0022388059701492
Rempeyek kacang tolo,0.26374269005847956,0.009333333333333334,0.09853658536585365,0.12621564482029599,0.0
Quiznos Black angus steakhouse,0.456140350877193,0.03916666666666667,0.13170731707317074,0.18604651162790697,0.1417910447761194
Kerupuk mie kuning goreng,0.2783625730994152,"8,33E+10",0.10292682926829269,0.1507399577167019,0.0
Permen Fisherman's friend original,0.0,0.0,0.0,0.0,0.0
Sante,0.058479532163742694,0.0003333333333333334,0.0034146341463414634,0.7463002114164905,0.632089552238806
Es krim,0.12280701754385966,0.0033333333333333335,0.06097560975609756,0.043551797040169135,0.0
Tepung singkong / Tapioka,0.21228070175438596,0.0009166666666666668,0.0024390243902439024,0.1864693446088795,0.0
Durian,0.004678362573099415,0.11166666666666668,0.13658536585365855,0.005285412262156448,0.0223880597014925
Buah atung,0.0010526315789473684,0.01916666666666667,0.025365853658536587,0.0016913319238900635,0.0014925373134328
Kue lumpur,0.17017543859649123,0.003,0.054146341463414634,0.09323467230443976,0.0
Sedaap Tasty bakmi ayam,0.34502923976608185,0.0125,0.1073170731707317,0.17758985200845667,0.044776119402985
Shabu-shabu,0.05146198830409357,0.002666666666666667,0.03902439024390244,0.0016913319238900635,0.0
Labu air,0.00023391812865497077,0.015833333333333335,0.018536585365853658,0.0012684989429175475,0.0014925373134328
Buah nona,0.0005847953216374269,0.08416666666666667,0.12292682926829268,0.003594080338266385,0.0044776119402985
Jeruk ragi,0.00023391812865497077,0.04083333333333333,0.054146341463414634,0.0014799154334038055,0.0014925373134328
Susu greenfields full cream,0.0935672514619883,0.006666666666666667,0.04390243902439024,0.025369978858350954,0.0522388059701492
Kobe Tepung Bumbu Serbaguna Special,0.0,0.0016666666666666668,0.0,0.027484143763213533,0.0
Auntie anne sour cream and onion pretzel,0.2105263157894737,0.007500000000000001,0.024390243902439025,0.1437632135306554,0.0895522388059701
Tinoransa,0.0007017543859649122,0.43000000000000005,0.0,0.03742071881606766,0.3694029850746269
Roti putih / roti tawar,0.14502923976608187,0.006666666666666667,0.005853658536585366,0.10570824524312897,0.0
Daun lompong talas,0.0009356725146198831,0.03666666666666667,0.03609756097560976,0.0063424947145877385,0.0059701492537313
prenagen esensis susu bubuk rasa moka,0.08771929824561403,0.005833333333333334,0.004878048780487805,0.0613107822410148,0.0
BANGO kecap manis (400 ml),0.03508771929824561,0.0,0.0,0.03171247357293869,0.0970149253731343
Gulai pliek,0.10292397660818714,0.006083333333333334,0.07268292682926829,0.006765327695560254,0.0
Kacang hijau rebus,0.06374269005847953,0.0072499999999999995,0.0024390243902439024,0.038689217758985206,0.0
Gendar goreng,0.23801169590643276,0.005333333333333334,0.13756097560975608,0.06765327695560254,0.0
Nestle air minum,0.0,0.0,0.0,0.0,0.0
Dancow FortiGro rasa vanilla,0.029239766081871347,0.004166666666666667,0.029268292682926828,0.029598308668076112,0.0820895522388059
Keju kraft quick melt,0.058479532163742694,0.004166666666666667,0.03414634146341464,0.008456659619450317,0.0074626865671641
Haverjoy,0.08187134502923976,0.0025,0.01707317073170732,0.052854122621564484,0.0
Hydromama,0.0,0.0,0.0,0.03805496828752643,0.1119402985074626
Maizena,0.00040935672514619883,0.2841666666666667,0.4146341463414634,0.0006342494714587737,0.0
Biskuit Serena broniz,0.058479532163742694,0.0016666666666666668,0.024390243902439025,0.027484143763213533,0.0522388059701492
Pop Mie Goreng Pedas Gledek,0.21637426900584797,0.005,0.08780487804878048,0.09513742071881608,0.0
Pop Mie PAKE NASI,0.20467836257309943,0.005833333333333334,0.07317073170731707,0.10147991543340382,0.0
Kacang beracun,0.00023391812865497077,0.09833333333333334,0.1053658536585366,0.00930232558139535,0.0111940298507462
Yoshinoya Veggie beef bowl (Reguler bowl),0.3801169590643275,0.02,0.0975609756097561,0.20084566596194503,0.0298507462686567
SOYJOY FRUIT SOY BAR STRAWBERRY,0.023391812865497075,0.0033333333333333335,0.02195121951219512,0.04016913319238901,0.0820895522388059
Teajus Rasa Lemon,0.0,0.0,0.0,0.012684989429175477,0.0373134328358208
Nasi gemuk,0.11228070175438597,0.0031666666666666666,0.042926829268292686,0.051585623678646934,0.0
Frisian flag coconut delight,0.0935672514619883,0.005,0.024390243902439025,0.052854122621564484,0.1044776119402985
Gudeg,0.0012280701754385965,0.13333333333333333,0.07804878048780488,0.0069767441860465115,0.0686567164179104
Bumbu Nasi Goreng Royco,0.005847953216374269,0.0,0.0,0.004228329809725159,0.0
Sarden abc extra pedas,0.0029239766081871343,0.007500000000000001,0.004878048780487805,0.0063424947145877385,0.0
Ketan,0.0005263157894736842,0.17666666666666667,0.18829268292682927,0.008456659619450317,0.0343283582089552
Gowell sereal & susu rasa taro,0.07017543859649122,0.0016666666666666668,0.012195121951219513,0.048625792811839326,0.0
Subway spicy italian sandwich,0.27485380116959063,0.015833333333333335,0.11707317073170731,0.09090909090909091,0.044776119402985
Srikaya,0.0368421052631579,0.0009166666666666668,0.0024390243902439024,0.029386892177589854,0.0
Markisa,0.00046783625730994154,0.12000000000000001,0.14536585365853658,0.007399577167019028,0.008955223880597
Kacang kapri segar,0.05730994152046784,0.005583333333333334,0.001951219512195122,0.03742071881606766,0.0
Kapri muda,0.00040935672514619883,0.037500000000000006,0.04390243902439024,0.0069767441860465115,0.0014925373134328
Cadbury Dairy Milk,0.0935672514619883,0.0016666666666666668,0.00975609756097561,0.03805496828752643,0.1119402985074626
Coklat Delfi dairy milk,0.08771929824561403,0.0016666666666666668,0.04390243902439024,0.03171247357293869,0.0895522388059701
Pencok lele,0.0028654970760233923,0.31,0.01707317073170732,0.01649048625792812,0.2708955223880597
Daun bangun-bangun,0.0009356725146198831,0.022500000000000003,0.01951219512195122,0.0027484143763213532,0.0044776119402985
Daun bawang merah,0.00046783625730994154,0.03416666666666667,0.03804878048780488,0.004228329809725159,0.0022388059701492
Daun belem,0.0010526315789473684,0.04166666666666667,0.03804878048780488,0.00930232558139535,0.0104477611940298
Daun singkong kopang,0.0007017543859649122,0.06166666666666667,0.05219512195121951,0.01331923890063425,0.0052238805970149
Mangga kopek,0.00017543859649122806,0.04666666666666667,0.07121951219512195,0.0008456659619450318,0.0014925373134328
Pisang mas bali kopang,0.0014035087719298245,0.10583333333333333,0.1551219512195122,0.002959830866807611,0.0014925373134328
Yoshinoya Beef bowl (Reguler bowl),0.42690058479532167,0.025,0.13170731707317074,0.19238900634249473,0.0373134328358208
Yoshinoya Teriyaki (Reguler bowl),0.4619883040935673,0.04,0.08780487804878048,0.23255813953488372,0.1194029850746268
Chatime milk tea(no sugar),0.08304093567251462,0.00125,0.06341463414634146,0.010570824524312896,0.0074626865671641
Sapi,0.058479532163742694,0.0005,0.06829268292682927,0.266384778012685,0.0111940298507462
Ayam,0.058479532163742694,0.008416666666666666,0.22048780487804878,1.0,0.103731343283582
"Sereal ENERGEN ""Kacang Hijau""",0.014619883040935673,0.0016666666666666668,0.014634146341463414,0.05073995771670191,0.1194029850746268
Energen Oat milk,0.058479532163742694,0.0025,0.00975609756097561,0.03382663847780127,0.0074626865671641
Sop saudara,0.0008771929824561404,0.07416666666666667,0.01902439024390244,0.015221987315010573,0.0373134328358208
Saus sambal,0.015789473684210527,0.0,0.0,0.014164904862579281,0.0485074626865671
Saus tomat,0.009941520467836258,0.00015000000000000001,"9,76E+09",0.00985200845665962,0.0270149253731343
Saus Teriyaki,0.008771929824561403,0.0,0.0,0.008456659619450317,0.0223880597014925
Jagung muda / semi,0.00046783625730994154,0.029166666666666667,0.03609756097560976,0.004651162790697675,0.0007462686567164
Kesemek,0.0003508771929824561,0.065,0.0975609756097561,0.0016913319238900635,0.0029850746268656
Chatime milk tea,0.17660818713450294,0.00125,0.06341463414634146,0.09408033826638479,0.2947761194029851
Chatime mango smoothie,0.13333333333333333,0.0004166666666666667,0.0024390243902439024,0.11733615221987316,0.4029850746268656
Chatime matcha red bean smoothie,0.22456140350877193,0.0037500000000000003,0.05121951219512195,0.1416490486257928,0.4328358208955223
Buah rukam,0.00046783625730994154,0.09416666666666668,0.13073170731707318,0.0016913319238900635,0.0022388059701492
Daging kambing (segar),0.0871345029239766,0.013833333333333335,0.0448780487804878,0.0,0.0
Gulai kambing,0.0736842105263158,0.0035000000000000005,0.045853658536585365,0.013107822410147992,0.0
Sop kambing,0.0005847953216374269,0.028333333333333335,0.005365853658536586,0.011627906976744186,0.0059701492537313
Kacang tanah sari,0.3280701754385965,0.02125,0.21365853658536585,0.054968287526427066,0.0
Saridele,0.0023391812865497076,0.2866666666666667,0.2097560975609756,0.06342494714587738,0.1492537313432835
Tempe pasar,0.08771929824561403,0.011666666666666667,0.037560975609756096,0.019238900634249472,0.0
Diabetasol (vanilla malt),0.09941520467836258,0.006666666666666667,0.01951219512195122,0.054968287526427066,0.0
Ayam goreng pasundan,0.0014619883040935672,0.2041666666666667,0.0014634146341463415,0.06997885835095138,0.0850746268656716
Ayam goreng pasundan,0.0013450292397660817,0.20500000000000002,0.0034146341463414634,0.08012684989429175,0.0671641791044776
Minyak wijen,0.5152046783625731,0.0001666666666666667,0.48634146341463413,0.0,0.0
Indomie soto padang,0.1929824561403509,0.006666666666666667,0.06829268292682927,0.09302325581395349,0.0
Batatas kelapa bakar,0.06432748538011696,0.0011666666666666668,0.005365853658536586,0.04947145877378435,0.0
Selai Nutella,0.11695906432748539,0.0016666666666666668,0.058536585365853655,0.048625792811839326,0.0
Peanut,0.3315789473684211,0.021500000000000002,0.24019512195121953,0.0341014799154334,0.0
Kacang walnut,0.3824561403508772,0.012691666666666667,0.3180975609756097,0.028985200845665963,0.0
Langsat,0.00029239766081871346,0.04666666666666667,0.06975609756097562,0.0019027484143763216,0.0014925373134328
Bubur sagu,0.0976608187134503,0.0001666666666666667,0.01951219512195122,0.06976744186046512,0.0
Burung,0.058479532163742694,0.004416666666666667,0.18292682926829268,0.5940803382663848,0.2395522388059701
Promina smooth kacang hijau,0.12280701754385966,0.006666666666666667,0.02195121951219512,0.07399577167019028,0.0
Prunes (kering),0.14035087719298245,0.001816666666666667,0.0018536585365853658,0.13505285412262158,0.0
Minyak ikan,0.5274853801169591,0.0,0.4878048780487805,0.0,0.0
Minyak kacang tanah,0.5274853801169591,0.0,0.4878048780487805,0.0,0.0
Salak pondoh,0.05087719298245614,0.0006666666666666668,0.001951219512195122,0.04249471458773785,0.0
Almond,0.005672514619883041,0.5108333333333334,0.0786829268292683,0.04080338266384778,0.4092537313432836
Chikiniku,0.0003508771929824561,0.11916666666666667,0.11121951219512195,0.02071881606765328,0.0104477611940298
Lumpia Sayur,0.0368421052631579,0.0016583333333333335,0.013853658536585366,0.01572938689217759,0.0055970149253731
Lumpia ayam,0.038011695906432746,0.002525,0.01273170731707317,0.015052854122621565,0.0027611940298507
Hokben Bento special 1,0.35789473684210527,0.020166666666666666,0.1151219512195122,0.15813953488372093,0.0
Hokben paket B,0.30526315789473685,0.021916666666666668,0.10926829268292683,0.11162790697674418,0.0
Hoka hemat 4,0.2415204678362573,0.016916666666666667,0.07463414634146341,0.09978858350951375,0.0
Hokben Paket C,0.3654970760233918,0.029500000000000002,0.1175609756097561,0.13530655391120508,0.0
Tekwan,0.0006432748538011696,0.04416666666666667,0.045853658536585365,0.0040169133192389005,0.0067164179104477
Kwark / Bagot,0.14152046783625732,0.015833333333333335,0.08292682926829269,0.0063424947145877385,0.0
Sawi hijau,0.0007017543859649122,0.023333333333333334,0.01951219512195122,0.004862579281183933,0.0022388059701492
Sawi putih / pecai,0.0003508771929824561,0.007500000000000001,0.008292682926829269,0.0021141649048625794,0.0007462686567164
san remo pasta sauce bolognese mushroom,0.04502923976608187,0.0017500000000000003,0.0175609756097561,0.01818181818181818,0.035820895522388
Pasta La fonte spaghetti with bolognese sauce,0.2456140350877193,0.008333333333333333,0.0,0.19661733615221988,0.0
La pasta royale cheese bolognese,0.19883040935672516,0.008333333333333333,0.029268292682926828,0.13530655391120508,0.0746268656716417
MR.P Garlic peanut,0.14035087719298245,0.005,0.08292682926829269,0.029598308668076112,0.0
Mr. Bread Roti manis pandan coklat srikaya,0.1929824561403509,0.005833333333333334,0.05365853658536585,0.10570824524312897,0.0895522388059701
Mangga kwini,0.00023391812865497077,0.07166666666666667,0.09658536585365854,0.0014799154334038055,0.003731343283582
Wine,0.048538011695906436,"5,83E+10",0.0,0.005750528541226216,0.0
Sonice Chicken wing,0.1286549707602339,0.016666666666666666,0.06829268292682927,0.008456659619450317,0.0
Ikan Cakalang,0.058479532163742694,0.00075,0.049756097560975605,0.18181818181818182,0.0649253731343283
Pizza hut super supreme,0.23976608187134504,0.013333333333333334,0.1073170731707317,0.07822410147991543,0.0149253731343283
Apel malang,0.00017543859649122806,0.0475,0.0624390243902439,0.0010570824524312897,0.0029850746268656
Apel,0.00017543859649122806,0.04833333333333334,0.07268292682926829,0.0006342494714587737,0.0029850746268656
Beetroot (mentah),0.025146198830409357,0.0013416666666666668,0.0008292682926829269,0.02021141649048626,0.0
French fries 2000 dengan saos sambal colek,0.026315789473684213,0.0,0.007317073170731707,0.016913319238900635,0.0
Saori Saus Mentega,0.0,0.0,0.0,0.004228329809725159,0.0
Pizza hut super supreme personal,0.09941520467836258,0.005833333333333334,0.04390243902439024,0.03594080338266385,0.0149253731343283
Super bihun kuah,0.11111111111111112,0.0033333333333333335,0.012195121951219513,0.07610993657505286,0.0
Super bihun goreng,0.14619883040935672,0.0033333333333333335,0.024390243902439025,0.09725158562367865,0.0223880597014925
Burger Carl's Jr super star with cheese,0.5380116959064327,0.04,0.2731707317073171,0.12473572938689219,0.0970149253731343
Coca cola,0.07953216374269007,0.00021666666666666668,0.0003414634146341464,0.07437632135306554,0.0
Gulai pakis,0.08362573099415205,0.0033333333333333335,0.055609756097560976,0.012684989429175477,0.0
Hydro coco,0.03508771929824561,0.0,0.0,0.03805496828752643,0.0746268656716417
Gulai ikan,0.0011695906432748538,0.08833333333333333,0.012195121951219513,0.03488372093023256,0.0246268656716417
Tim tam chocolate,0.08771929824561403,0.0016666666666666668,0.03414634146341464,0.04439746300211417,0.0
Loacker chocolate,0.29883040935672517,0.006416666666666667,0.12682926829268293,0.12473572938689219,0.0
Tango chocolate,0.058479532163742694,0.0008333333333333334,0.01951219512195122,0.029598308668076112,0.0
Sapi,0.058479532163742694,0.00075,0.05121951219512195,0.17758985200845667,0.0014925373134328
Klepon,0.21403508771929824,0.003958333333333334,0.045560975609756096,0.13915433403805497,0.0
Pisang raja sereh,0.0005847953216374269,0.09000000000000001,0.13756097560975608,0.0027484143763213532,0.0022388059701492
Pisang raja,0.0005847953216374269,0.1,0.1551219512195122,0.002536997885835095,0.0014925373134328
Geplak,0.20467836257309943,0.0011666666666666668,0.0702439024390244,0.11331923890063425,0.0
Kalakai,0.0005263157894736842,0.03166666666666667,0.03219512195121951,0.00507399577167019,0.0014925373134328
Yakult,0.029239766081871347,0.0008333333333333334,0.0,0.023255813953488372,0.0746268656716417
Cheesecake Factory ultimate red velvet cake cheesecake,0.9181286549707602,0.011666666666666667,0.5658536585365853,0.2642706131078224,0.7835820895522387
Susu kedelai V Soy Multigrain,0.09883040935672514,0.005083333333333333,0.033658536585365856,0.04312896405919662,0.1216417910447761
Multigrain Bread,0.14035087719298245,0.006666666666666667,0.029268292682926828,0.08033826638477802,0.0373134328358208
Beberuk,0.038011695906432746,0.0009166666666666668,0.025365853658536587,0.007399577167019028,0.0
Bebek,0.058479532163742694,0.0016666666666666668,0.11707317073170731,0.6342494714587739,0.0335820895522388
Sagu kasbi segar,0.13450292397660818,0.0005,0.000975609756097561,0.11945031712473574,0.0
Kedongdong masak,0.0003508771929824561,0.03833333333333334,0.05024390243902439,0.0021141649048625794,0.0007462686567164
Tauji cap singa,0.16198830409356726,0.007583333333333333,0.022926829268292682,0.10486257928118393,0.0
Kawista,0.0008187134502923977,0.1,0.10146341463414635,0.007399577167019028,0.0186567164179104
So good Almond milk original,0.04327485380116959,0.0011666666666666668,0.016585365853658537,0.019027484143763214,0.0641791044776119
Susu almond So good Almond Milk unsweetend,0.023976608187134502,0.0011666666666666668,0.01707317073170732,0.0016913319238900635,0.0022388059701492
Pocky Chocolate,0.13450292397660818,0.0025,0.04878048780487805,0.06765327695560254,0.0895522388059701
Pocky Cookies dan cream,0.12280701754385966,0.0025,0.04878048780487805,0.054968287526427066,0.0820895522388059
Pocky Strawberry,0.1286549707602339,0.0025,0.04878048780487805,0.06553911205073996,0.0671641791044776
Buavita royale sunshine carrot,0.07017543859649122,0.0,0.0,0.059196617336152224,0.1865671641791044
Buavita royale chloro broccoli,0.07017543859649122,0.0,0.0,0.0613107822410148,0.2014925373134328
Ades,0.0,0.0,0.0,0.0,0.0
Ademsari chingku,0.06432748538011696,0.0,0.0,0.05708245243128964,0.1865671641791044
Sprite (kaleng),0.058479532163742694,0.0,0.0,0.052854122621564484,0.1865671641791044
Chicken teriyaki,0.09824561403508772,0.010833333333333334,0.04682926829268293,0.015856236786469344,0.0
Kura-kura,0.00040935672514619883,0.06916666666666667,0.0,0.04038054968287527,0.0014925373134328
Kuro,0.0005263157894736842,0.07250000000000001,0.004878048780487805,0.03382663847780127,0.0164179104477611
Mcdonald Cheeseburger,0.17543859649122806,0.0125,0.058536585365853655,0.06976744186046512,0.0522388059701492
Sapi,0.058479532163742694,0.00125,0.08585365853658537,0.22832980972515857,0.0
Mcdonald Big mac burger,0.3157894736842105,0.020833333333333336,0.13658536585365855,0.09725158562367865,0.0671641791044776
Mcdonald Hamburge,0.14619883040935672,0.010833333333333334,0.03902439024390244,0.06553911205073996,0.044776119402985
Lovy cookies chocobutter,0.08771929824561403,0.0016666666666666668,0.03902439024390244,0.042283298097251586,0.0597014925373134
Lovy cookies coffeeccino,0.08771929824561403,0.0016666666666666668,0.03414634146341464,0.042283298097251586,0.0522388059701492
Susu bebelove 6-12bln,0.08187134502923976,0.0025,0.029268292682926828,0.03805496828752643,0.1208955223880597
Promina milky beras merah,0.12280701754385966,0.006666666666666667,0.02195121951219512,0.07399577167019028,0.0
Promina pisang susu,0.12280701754385966,0.006666666666666667,0.02195121951219512,0.07399577167019028,0.0
Mangga indramayu,"5,85E+10",0.060000000000000005,0.09121951219512195,0.0016913319238900635,0.0014925373134328
Maestro light Mayonnaise,0.029239766081871347,0.0,0.024390243902439025,0.014799154334038056,0.0
Ikan Pindang banjar,0.004093567251461989,0.13083333333333333,0.00878048780487805,0.059196617336152224,0.0313432835820895
Ikan Pindang benggol,0.004561403508771929,0.14166666666666666,0.0,0.06553911205073996,0.0313432835820895
Ikan Pindang layang,0.004210526315789474,0.1275,0.0,0.06342494714587738,0.0208955223880597
La Fonte Fettuccine-30 Pasta,0.0,0.006666666666666667,0.0,0.09513742071881608,0.0223880597014925
Daun jampang,0.0008771929824561404,0.028333333333333335,0.025853658536585365,0.008033826638477801,0.003731343283582
sambal pecel,0.1286549707602339,0.007500000000000001,0.04878048780487805,0.048625792811839326,0.0
Cerebrofort Marine Gummy Strawberry,0.0,0.0008333333333333334,0.0,0.016913319238900635,0.044776119402985
Pecel sayur dengan lauk,0.23859649122807017,0.020975000000000004,0.12282926829268292,0.05723044397463002,0.0
Teh celup sosro,0.0,0.0,0.0,0.0,0.0
teh cap dandang black tea,0.0,0.0,0.0,0.0,0.0
Bawang merah,0.0005847953216374269,0.03833333333333334,0.0448780487804878,0.0031712473572938693,0.0022388059701492
Bawang putih,0.0010526315789473684,0.09333333333333334,0.10390243902439025,0.009513742071881607,0.0014925373134328
Balichong,0.08888888888888889,0.011,0.003902439024390244,0.048414376321353064,0.0
Batatas kelapa kukus,0.05380116959064327,0.001,0.0014634146341463415,0.04439746300211417,0.0
Kuaci Rebo origial,0.06432748538011696,0.004166666666666667,0.04390243902439024,0.0063424947145877385,0.0
KFC Original recipe dada,0.2280701754385965,0.0325,0.1024390243902439,0.023255813953488372,0.0
KFC Original recipe paha bawah,0.07602339181286549,0.01,0.03902439024390244,0.008456659619450317,0.0
KFC Original recipe paha atas,0.16374269005847952,0.015833333333333335,0.09268292682926829,0.016913319238900635,0.0
KFC Original recipe sayap,0.07602339181286549,0.008333333333333333,0.03902439024390244,0.0063424947145877385,0.0
Keribang,0.058479532163742694,0.0006666666666666668,0.006341463414634147,0.28964059196617337,0.2223880597014925
Kue bangket,0.22690058479532163,0.00125,0.005853658536585366,0.1697674418604651,0.0
Lengkuas/Boros laja,0.0005847953216374269,0.021666666666666667,0.022926829268292682,0.0021141649048625794,0.0022388059701492
Cheesecake Factory carrot cake,1.0,0.0125,0.5951219512195122,0.3086680761099366,0.8731343283582089
Tummy yogurt mango carrot,0.08771929824561403,0.0025,0.00975609756097561,0.0613107822410148,0.1343283582089552
Corn flakes,0.06432748538011696,0.0016666666666666668,0.0,0.054968287526427066,0.0223880597014925
Eskrim cornetto chocolate,0.15204678362573099,0.0025,0.058536585365853655,0.0718816067653277,0.1641791044776119
Kerokot,0.0006432748538011696,0.021666666666666667,0.018536585365853658,0.003594080338266385,0.0029850746268656
Coklat Lindt 70% Cocoa smooth dark,0.14619883040935672,0.0025,0.09268292682926829,0.03594080338266385,0.0895522388059701
Teh Kotak Less Sugar,0.04093567251461988,0.0,0.0,0.04016913319238901,0.0
Granola creation tropical fruit and nuts,0.09473684210526316,0.005833333333333334,0.024390243902439025,0.048625792811839326,0.0373134328358208
Go Natural fruit and nut delight,0.13450292397660818,0.0051666666666666675,0.06585365853658537,0.04376321353065539,0.0902985074626865
Carman's fruit and nut,0.10701754385964912,0.0034166666666666664,0.032682926829268294,0.053065539112050746,0.0582089552238805
Sonice Chicken Stick,0.14619883040935672,0.010833333333333334,0.08292682926829269,0.027484143763213533,0.0
Sonice Chicken karage,0.17543859649122806,0.01,0.08780487804878048,0.04439746300211417,0.0
Ikan Tongkol,0.0012280701754385965,0.08333333333333334,0.03902439024390244,0.028964059196617337,0.0111940298507462
lontong,0.08421052631578947,0.0023,0.0011219512195121953,0.06714587737843553,0.0008955223880597
Cimory Soyamilk,0.15204678362573099,0.008333333333333333,0.029268292682926828,0.08879492600422834,0.1343283582089552
Cimory yogurt set low fat,0.03508771929824561,0.004166666666666667,0.007317073170731707,0.016913319238900635,0.0
Cimory yogurt drink,0.10526315789473685,0.005,0.00975609756097561,0.06765327695560254,0.0
Salak bali,0.03333333333333333,0.0004166666666666667,0.0004878048780487805,0.02875264270613108,0.0
Salak medan,0.03216374269005848,0.0003333333333333334,0.000975609756097561,0.027061310782241017,0.0
Salak,0.04502923976608187,0.0003333333333333334,0.0,0.044186046511627906,0.0
Jamur tiram,0.0003508771929824561,0.025,0.026829268292682926,0.0040169133192389005,0.0007462686567164
Rujak cingur,0.08947368421052632,0.009416666666666669,0.04097560975609756,0.016913319238900635,0.0
Pisang angleng (pisang ampyang),0.0005847953216374269,0.05666666666666667,0.08390243902439024,0.0027484143763213532,0.0014925373134328
Anggur hutan,0.00011695906432748539,0.025,0.033170731707317075,0.0010570824524312897,0.0014925373134328
Gurame asem manis,0.0014035087719298245,0.16,0.06195121951219512,0.026849894291754755,0.0753731343283582
kopi kapal api special mix,0.058479532163742694,0.0008333333333333334,0.004878048780487805,0.048625792811839326,0.0
WRP truil bar,0.04678362573099415,0.0008333333333333334,0.01707317073170732,0.029598308668076112,0.0522388059701492
WRP deli chips,0.12280701754385966,0.0008333333333333334,0.05365853658536585,0.054968287526427066,0.0074626865671641
Arwan sirsir,0.16198830409356726,0.002,0.12195121951219512,0.022621564482029597,0.0
Sirsak,0.038011695906432746,0.0008333333333333334,0.0014634146341463415,0.03446088794926005,0.0
Gula putih / Gula Pasir,0.2304093567251462,0.0,0.0,0.19873150105708245,0.0
Sirup,0.12456140350877193,0.0,0.0,0.11627906976744186,0.0
yoghurt cimory,0.10526315789473685,0.005,0.00975609756097561,0.07610993657505286,0.1940298507462686
Kelapa parut,0.1654970760233918,0.0025,0.13170731707317074,0.021141649048625793,0.0
Ikan Layang,0.0013450292397660817,0.09083333333333334,0.0,0.046511627906976744,0.0126865671641791
Ikan Layur,0.00029239766081871346,0.06833333333333334,0.001951219512195122,0.03805496828752643,0.0074626865671641
Lays krim dan bawang,0.06432748538011696,0.0016666666666666668,0.029268292682926828,0.023255813953488372,0.0
Bunga pepaya,0.0009941520467836257,0.037500000000000006,0.03951219512195122,0.0054968287526427064,0.0022388059701492
Daun kubis,0.058479532163742694,0.0018333333333333335,0.012195121951219513,0.10782241014799154,0.0597014925373134
Erbis,0.00029239766081871346,0.058333333333333334,0.09219512195121951,0.0012684989429175475,0.0
Belibis,0.058479532163742694,0.0011666666666666668,0.09853658536585365,0.2769556025369979,0.0208955223880597
Jagung titi,0.21871345029239767,0.007833333333333335,0.010731707317073172,0.16723044397463002,0.0
Kepiting,0.058479532163742694,0.0001666666666666667,0.06731707317073171,0.3192389006342495,0.1052238805970149
Del Monte Barbaque Sauce (250 g),0.03508771929824561,0.0,0.0,0.029598308668076112,0.0746268656716417
Kacang belimbing rebus,0.11929824561403508,0.014083333333333333,0.042926829268292686,0.03699788583509514,0.0
Tempe kacang belimbing,0.1239766081871345,0.014583333333333334,0.04878048780487805,0.027272727272727275,0.0
Belimbing,0.00023391812865497077,0.030000000000000002,0.042926829268292686,0.0008456659619450318,0.0029850746268656
Nutrisari Es Rujak,0.029239766081871347,0.0,0.0,0.025369978858350954,0.0746268656716417
Rujak lontong,0.14210526315789473,0.009983333333333334,0.060000000000000005,0.052219873150105706,0.0
Belitung kukus,0.0847953216374269,0.001,0.001951219512195122,0.07230443974630021,0.0
Enting-enting gepuk kacang tanah,0.3064327485380117,0.011083333333333334,0.1424390243902439,0.10993657505285413,0.0
Pisang kepok,0.0005847953216374269,0.09083333333333334,0.12829268292682927,0.0016913319238900635,0.003731343283582
Pisang kepok rebus,0.0847953216374269,0.0012916666666666669,0.0021463414634146343,0.08014799154334037,0.0
Meiji Plain Crackers with Oat,0.07017543859649122,0.0025,0.01707317073170732,0.04016913319238901,0.0
Meiji Plain Crackers (isi 4 bungkus),0.07017543859649122,0.0025,0.01707317073170732,0.04016913319238901,0.0074626865671641
Barongko,0.09298245614035087,0.0025833333333333337,0.02829268292682927,0.049682875264270614,0.0
Ikan Baubara,0.0009356725146198831,0.08333333333333334,0.023902439024390244,0.031078224101479916,0.017910447761194
Ketumbar,0.0025730994152046785,0.34833333333333333,0.26439024390243904,0.029809725158562367,0.1201492537313432
Saladstop Omega 3 baby,0.22883040935672516,0.014416666666666668,0.13999999999999999,0.03932346723044398,0.0716417910447761
Blue Band,0.052631578947368425,0.0,0.04878048780487805,0.0,0.0
Gilus mix sensasi aroma pandan (isi 10 sachet),0.052631578947368425,0.0008333333333333334,0.0024390243902439024,0.04439746300211417,0.126865671641791
Sasa Santan Kelapa,0.02046783625730994,0.0,0.01951219512195122,0.0021141649048625794,0.0
Sasa Santan Kelapa Coconut Cream,0.02046783625730994,0.0,0.01951219512195122,0.0021141649048625794,0.0
Sasa Tepung Bakwan,0.0,0.0008333333333333334,0.0,0.016913319238900635,0.0074626865671641
Goldenfil Choco Crunchy,0.017543859649122806,0.0008333333333333334,0.029268292682926828,0.027484143763213533,0.0746268656716417
san remo sauce tomato basil,0.056140350877192984,0.0016666666666666668,0.0224390243902439,0.024312896405919663,0.0552238805970149
Silky Pudding Coklat,0.07602339181286549,0.0025,0.01707317073170732,0.048625792811839326,0.0
Kacang kedelai rebus,0.11052631578947368,0.016833333333333332,0.039999999999999994,0.026849894291754755,0.0
Kacang komak,0.00152046783625731,0.2725,0.2721951219512195,0.034672304439746296,0.0320895522388059
Emping komak,0.20760233918128657,0.014833333333333336,0.0224390243902439,0.12832980972515856,0.0
Komak,0.0006432748538011696,0.0825,0.10341463414634146,0.0069767441860465115,0.0007462686567164
Chatime hazelnut milk tea,0.14269005847953217,0.0008333333333333334,0.05121951219512195,0.07610993657505286,0.2126865671641791
Chatime hazelnut milk tea (no sugar),0.10818713450292398,0.0008333333333333334,0.05365853658536585,0.04334038054968288,0.1119402985074626
gastone lago poker wafer with hazelnut cream,0.07602339181286549,0.0008333333333333334,0.029268292682926828,0.03594080338266385,0.0
Saga merah terkupas,0.0022807017543859647,0.3741666666666667,0.15560975609756098,0.06469344608879493,0.1902985074626865
Mom's Recipe Silky Pudding rasa peach (155 g),0.25146198830409355,0.007500000000000001,0.04878048780487805,0.16067653276955604,0.417910447761194
Mom's Recipe Silky Pudding rasa biskuit (155 g),0.2573099415204678,0.005833333333333334,0.06341463414634146,0.15856236786469347,0.3805970149253731
Mom's Recipe Silky Pudding rasa cokelat (155 g),0.07602339181286549,0.0025,0.01707317073170732,0.048625792811839326,0.126865671641791
Mom's Recipe Silky Pudding rasa permen karet (155 g),0.07602339181286549,0.0025,0.014634146341463414,0.05073995771670191,0.126865671641791
Kewpie mayonais original,0.058479532163742694,0.0008333333333333334,0.05365853658536585,0.0,0.0
Kewpie Thousand island,0.04093567251461988,0.0008333333333333334,0.029268292682926828,0.008456659619450317,0.0
Kewpie Tomat pedas,0.04678362573099415,0.0008333333333333334,0.029268292682926828,0.010570824524312896,0.0
Kewpie Wijen sangrai,0.052631578947368425,0.0008333333333333334,0.03414634146341464,0.010570824524312896,0.0
Kentang,0.00046783625730994154,0.05166666666666667,0.06585365853658537,0.004439746300211417,0.0014925373134328
Happytos,0.08421052631578947,0.0016666666666666668,0.03414634146341464,0.03382663847780127,0.0
japato potato chips rasa happy honey butter,0.058479532163742694,0.0008333333333333334,0.024390243902439025,0.027484143763213533,0.0
Happy Tos Corn Chips,0.07602339181286549,0.0016666666666666668,0.029268292682926828,0.03382663847780127,0.0074626865671641
Yoshinoya Beef bowl (Large bowl),0.6081871345029239,0.035833333333333335,0.18536585365853658,0.2769556025369979,0.0597014925373134
Yoshinoya Teriyaki (Large bowl),0.6666666666666666,0.055,0.12195121951219512,0.3488372093023256,0.1865671641791044
Daun sintrong,0.0011111111111111111,0.030000000000000002,0.02975609756097561,0.0054968287526427064,0.0067164179104477
Daun ubi tinta,0.0007017543859649122,0.04583333333333334,0.05804878048780488,0.003594080338266385,0.0007462686567164
Sukun muda,0.0695906432748538,0.0011666666666666668,0.000975609756097561,0.059408033826638486,0.0
Kacang tanah sangan tanpa selaput,0.32690058479532164,0.022416666666666668,0.215609756097561,0.049894291754756875,0.0
Daun selasih,0.0011111111111111111,0.05166666666666667,0.05121951219512195,0.008456659619450317,0.003731343283582
Peterseli,0.0014035087719298245,0.04416666666666667,0.04390243902439024,0.007822410147991544,0.0074626865671641
Kenari kering,0.3842105263157895,0.0125,0.32195121951219513,0.027484143763213533,0.0
Pindang kenari,0.0016374269005847953,0.10333333333333335,0.0,0.020084566596194505,0.0716417910447761
Daun pepaya,0.0015789473684210528,0.07250000000000001,0.05804878048780488,0.016913319238900635,0.0149253731343283
Kabau,0.0003508771929824561,0.10833333333333334,0.12292682926829268,0.014164904862579281,0.0022388059701492
Ayam goreng sukabumi,0.0019883040935672514,0.20333333333333334,0.004878048780487805,0.07758985200845667,0.0686567164179104
Ayam goreng sukabumi,0.002105263157894737,0.23583333333333334,0.0024390243902439024,0.07547568710359409,0.1067164179104477
Jamur encik,0.17309941520467836,0.007833333333333335,0.0004878048780487805,0.13107822410147993,0.0
French fries,0.22222222222222224,0.004166666666666667,0.08292682926829269,0.11205073995771671,0.0
Curry Croquette,0.10526315789473685,0.0008333333333333334,0.04390243902439024,0.04439746300211417,0.0074626865671641
Jantung pisang segar,0.01871345029239766,0.001,0.0014634146341463415,0.015010570824524313,0.0
Jeruk nipis,0.00023391812865497077,0.03666666666666667,0.04878048780487805,0.0010570824524312897,0.0014925373134328
Pempek belida,0.0008187134502923977,0.13,0.15414634146341463,0.008879492600422834,0.0104477611940298
Pempek kapal selam,0.0009356725146198831,0.12666666666666668,0.13756097560975608,0.009513742071881607,0.0171641791044776
Sapi,0.058479532163742694,0.0017500000000000003,0.058536585365853655,0.386892177589852,0.0104477611940298
Ayam brand tuna dalam air,0.029239766081871347,0.010833333333333334,0.0,0.0,0.0
Daun matel ambon,0.0017543859649122807,0.05916666666666667,0.05609756097560976,0.01437632135306554,0.0119402985074626
Daun singkong ambon,0.001695906432748538,0.12000000000000001,0.12292682926829268,0.026849894291754755,0.008955223880597
Pisang ambon,0.0005847953216374269,0.09000000000000001,0.11853658536585367,0.0021141649048625794,0.0059701492537313
WRP lose weight meal replacement,0.008771929824561403,0.011666666666666667,0.007317073170731707,0.07399577167019028,0.1194029850746268
Ayam bacem,0.08596491228070176,0.011416666666666667,0.032682926829268294,0.01754756871035941,0.0
Tahu bacem,0.014035087719298246,0.0015833333333333333,0.0071707317073170735,0.002304439746300212,0.0
cemcem pilus rasa keju panggang,0.058479532163742694,0.0008333333333333334,0.024390243902439025,0.027484143763213533,0.0
Pronas kornet ayam,0.04093567251461988,0.004166666666666667,0.014634146341463414,0.010570824524312896,0.0
Tebu terubuk (lilin),0.0005847953216374269,0.025,0.014634146341463414,0.009725158562367865,0.0029850746268656
Bentul kukus,0.04152046783625731,0.0019166666666666666,0.0014634146341463415,0.03255813953488372,0.0
Nanas palembang,0.00017543859649122806,0.04833333333333334,0.06487804878048781,0.0014799154334038055,0.0014925373134328
Empal (daging) goreng,0.0011695906432748538,0.2066666666666667,0.049268292682926824,0.07653276955602538,0.0514925373134328
Ikan Paling,0.0005847953216374269,0.2525,0.0,0.029598308668076112,0.2014925373134328
Esprecielo caramel macchiato,0.06432748538011696,0.0008333333333333334,0.01951219512195122,0.03594080338266385,0.0746268656716417
Starbucks Espresso Brownie,0.21637426900584797,0.0033333333333333335,0.1024390243902439,0.09090909090909091,0.2238805970149253
Piatos iga penyet,0.03508771929824561,0.0,0.01707317073170732,0.014799154334038056,0.0
piattos iga penyet,0.03508771929824561,0.0008333333333333334,0.03414634146341464,0.027484143763213533,0.0
Pia 100 Rasa Kacang Hijau,0.058479532163742694,0.0016666666666666668,0.014634146341463414,0.03594080338266385,0.0
japato potato chips rasa rumput laut,0.08771929824561403,0.0008333333333333334,0.04878048780487805,0.03171247357293869,0.0
Pork rib,0.12339181286549708,0.016583333333333332,0.05858536585365853,0.0,0.0
Kacang tanah sangan,0.32748538011695905,0.024583333333333336,0.2097560975609756,0.05095137420718816,0.0
Frozen food Puff Pastry Sheet,0.11695906432748539,0.0025,0.06341463414634146,0.03805496828752643,0.0
Cheetos Puffs,0.0935672514619883,0.0016666666666666668,0.04878048780487805,0.03382663847780127,0.0067164179104477
Promina puff rasa blueberry,0.04678362573099415,0.0008333333333333334,0.014634146341463414,0.021141649048625793,0.0
Floridina Orange Pulp & Coco Bitz,0.052631578947368425,0.0,0.0,0.04439746300211417,0.1417910447761194
Minute Maid Pulpy rasa jambu,0.0,0.0,0.0,0.048625792811839326,0.1641791044776119
Minute Maid Pulpy rasa jeruk,0.07602339181286549,0.0,0.0,0.0718816067653277,0.2014925373134328
Minute Maid Pulpy rasa anggur dengan nata de coco,0.0,0.0,0.0,0.059196617336152224,0.1791044776119403
kentang rebus,0.044444444444444446,0.001141666666666667,0.0006829268292682927,0.0374630021141649,0.0428358208955223
Ikan Cakalang,0.0007017543859649122,0.08916666666666667,0.026829268292682926,0.04143763213530656,0.0052238805970149
Jawara cabai tabur jambal,0.005847953216374269,0.0,0.0,0.004228329809725159,0.0
Jawara cabai tabur bawang goreng,0.005847953216374269,0.0,0.0,0.004228329809725159,0.0
Red Bull,0.06549707602339182,0.0,0.0,0.059196617336152224,0.0
Sushi red bull roll,0.28304093567251465,0.023333333333333334,0.036585365853658534,0.1522198731501057,0.208955223880597
OREO SOFT CAKE,0.04678362573099415,0.0008333333333333334,0.024390243902439025,0.016913319238900635,0.0
Koko krunch,0.06432748538011696,0.0016666666666666668,0.004878048780487805,0.048625792811839326,0.0671641791044776
Krupuk udang Ny. Siok (mentah),0.04093567251461988,0.0016666666666666668,0.0,0.03382663847780127,0.0149253731343283
Cookies Oat krunch coklat gelap,0.07017543859649122,0.0016666666666666668,0.02195121951219512,0.03805496828752643,0.044776119402985
Kacang tunis,0.20526315789473684,0.010166666666666666,0.005853658536585366,0.15412262156448206,0.0
Carica papaya,0.0005263157894736842,0.02,0.01804878048780488,0.0040169133192389005,0.0014925373134328
Rica-rica taipa,0.02865497076023392,0.0013333333333333335,0.0014634146341463415,0.021141649048625793,0.0
Babi hutan masak rica,0.28713450292397663,0.0205,0.07951219512195122,0.0004228329809725159,0.0
Tikus rica,0.0023391812865497076,0.21416666666666667,0.018536585365853658,0.039746300211416494,0.1380597014925373
Merica,0.0025730994152046785,0.3041666666666667,0.31414634146341464,0.024312896405919663,0.0507462686567164
Folabee rasa coklat,0.014619883040935673,0.0025,0.024390243902439025,0.054968287526427066,0.0671641791044776
Pop Ice Rasa Cokelat,0.005847953216374269,0.0008333333333333334,0.004878048780487805,0.046511627906976744,0.126865671641791
Matcha Tea Latte,0.11111111111111112,0.005416666666666667,0.01951219512195122,0.06659619450317125,0.2238805970149253
Labu kuning,0.0007017543859649122,0.0425,0.04878048780487805,0.003594080338266385,0.003731343283582
Susu Slim dan fit coklat,0.11695906432748539,0.0125,0.014634146341463414,0.06342494714587738,0.0895522388059701
Susu Slim dan fit vanila,0.11695906432748539,0.0125,0.012195121951219513,0.06342494714587738,0.0970149253731343
Fitmee mie goreng Korea,0.08771929824561403,0.0008333333333333334,0.01951219512195122,0.0613107822410148,0.044776119402985
Fitmee rasa soto,0.03508771929824561,0.0,0.00975609756097561,0.021141649048625793,0.0149253731343283
Terong asam,0.00046783625730994154,0.030833333333333334,0.03073170731707317,0.004228329809725159,0.0029850746268656
Lema / rebung asam,0.008771929824561403,0.0008333333333333334,0.001951219512195122,0.0040169133192389005,0.0
san remo pasta sauce spaghetti (mentah),0.2672514619883041,0.0125,0.012195121951219513,0.19027484143763215,0.0231343283582089
Pasta La fonte spaghetti with mushroom sauce,0.19883040935672516,0.006666666666666667,0.01951219512195122,0.12684989429175475,0.0522388059701492
Pasta La fonte spaghetti with chicken sauce,0.19883040935672516,0.008333333333333333,0.03902439024390244,0.12050739957716702,0.0
tini mini biti,0.03508771929824561,0.0008333333333333334,0.012195121951219513,0.016913319238900635,0.0
Kacang atom,0.3116959064327485,0.02316666666666667,0.18585365853658536,0.06088794926004229,0.0
Tomat merah,0.0003508771929824561,0.02,0.022926829268292682,0.0027484143763213532,0.003731343283582
Tomat muda,0.0011695906432748538,0.02,0.016097560975609757,0.004228329809725159,0.0052238805970149
Ikan Katombo asin,0.09473684210526316,0.026416666666666668,0.013658536585365854,0.0006342494714587737,0.0
Yogurt greek yummy strawberry,0.07017543859649122,0.006666666666666667,0.014634146341463414,0.03382663847780127,0.0671641791044776
Mayumi saus creamy serbaguna rasa pedas (180 g),0.058479532163742694,0.0,0.04878048780487805,0.0063424947145877385,0.0223880597014925
Yummy bites Originak,0.029239766081871347,0.0016666666666666668,0.004878048780487805,0.016913319238900635,0.0149253731343283
Soboro Bread,0.17543859649122806,0.005833333333333334,0.03414634146341464,0.11839323467230445,0.1194029850746268
Beras siger,0.20116959064327486,0.0009166666666666668,0.000975609756097561,0.059830866807610995,0.0
Doritos Nacho Cheese,0.058479532163742694,0.0016666666666666668,0.024390243902439025,0.025369978858350954,0.0
Ayam,0.058479532163742694,0.0015,0.15756097560975607,0.5708245243128964,0.0738805970149253
Sop daging sapi,0.0005263157894736842,0.04083333333333333,0.025853658536585365,0.01226215644820296,0.003731343283582
Sop kaki sapi,0.0005263157894736842,0.05666666666666667,0.01804878048780488,0.019027484143763214,0.0141791044776119
Gatep,0.0009356725146198831,0.15916666666666668,0.19365853658536586,0.009513742071881607,0.0111940298507462
Teh botol sosro tawar,0.0,0.0,0.0,0.0,0.0
Keju Castello Brie,0.04269005847953217,0.004166666666666667,0.029268292682926828,"6,34E+10",0.0002238805970149
Keju Castello camembert,0.04269005847953217,0.004166666666666667,0.029268292682926828,"6,34E+10",0.0002238805970149
Betok wadi,0.0019883040935672514,0.12083333333333333,0.019999999999999997,0.03446088794926005,0.0522388059701492
Ikan Papuyu / betok,0.0007017543859649122,0.1,0.0224390243902439,0.030232558139534887,0.0365671641791044
Diabetasol sweetener,0.0,0.0,0.0,0.0021141649048625794,0.0
MILO cereal,0.06432748538011696,0.0016666666666666668,0.004878048780487805,0.048625792811839326,0.0671641791044776
Origo coffe cereal latte,0.1391812865497076,0.005666666666666667,0.029268292682926828,0.0817970401691332,0.129776119402985
Ayam brand chilli tuna,0.058479532163742694,0.006666666666666667,0.029268292682926828,0.0063424947145877385,0.0149253731343283
Baked Potato Chili'n cheese,0.26900584795321636,0.015833333333333335,0.05365853658536585,0.15010570824524314,0.0522388059701492
Chili Cheese Fries ( 1 porsi),0.29239766081871343,0.013333333333333334,0.12195121951219512,0.11205073995771671,0.0298507462686567
hilo teen,0.014619883040935673,0.005,0.012195121951219513,0.06976744186046512,0.1940298507462686
Gemez Enaak Snack Mi,0.023391812865497075,0.0016666666666666668,0.01951219512195122,0.027484143763213533,0.0
Pankreas kambing (mentah),0.08888888888888889,0.012366666666666668,0.047902439024390245,0.0,0.0
Domino Pizza Beef Pepperoni feast,0.21637426900584797,0.013333333333333334,0.08292682926829269,0.07610993657505286,0.0223880597014925
Jasuke,0.0018830409356725148,0.07166666666666667,0.09278048780487805,0.006807610993657506,0.0088059701492537
TEH KOTAK JASMINE TEA,0.058479532163742694,0.0,0.0,0.054968287526427066,0.1940298507462686
Sayur lilin-terubuk,0.021052631578947368,0.0022500000000000003,0.0034146341463414634,0.01014799154334038,0.0
Yupi Gummy Pizza,0.0,0.0008333333333333334,0.0,0.025369978858350954,0.0597014925373134
Labu waluh,0.0005847953216374269,0.02666666666666667,0.03219512195121951,0.0023255813953488376,0.0007462686567164
Waluh balamak,0.026315789473684213,0.0006666666666666668,0.004390243902439025,0.017124735729386893,0.0
Ikan Kawalinya,0.0009941520467836257,0.09166666666666667,0.02634146341463415,0.0266384778012685,0.0313432835820895
Brongkos,0.0824561403508772,0.012750000000000001,0.016097560975609757,0.0266384778012685,0.0
Mujahir acar kuning,0.0026900584795321635,0.275,0.059024390243902436,0.03763213530655391,0.1746268656716418
Kuaci Rebo salted caramel,0.029239766081871347,0.0016666666666666668,0.01951219512195122,0.0021141649048625794,0.0
Wajik,0.08888888888888889,0.0016583333333333335,0.0033170731707317077,0.07230443974630021,0.0
Lantar,0.00046783625730994154,0.028333333333333335,0.026829268292682926,0.004651162790697675,0.0022388059701492
Lontar,0.00023391812865497077,0.022500000000000003,0.029268292682926828,0.0008456659619450318,0.0014925373134328
Tekokak,0.0005847953216374269,0.028333333333333335,0.03853658536585366,0.004228329809725159,0.0007462686567164
Tekokak kering,0.17660818713450294,0.006916666666666667,0.008292682926829269,0.15348837209302324,0.0
Ikan Kakap,0.0013450292397660817,0.07666666666666667,0.0,0.042283298097251586,0.0052238805970149
Ikan Papuyu bakar,0.08888888888888889,0.014666666666666668,0.02975609756097561,0.014164904862579281,0.0
Udang papay,0.006725146198830409,0.2275,0.06097560975609756,0.1010570824524313,0.0283582089552238
san remo pasta sauce wholemeal (mentah),0.26432748538011697,0.015833333333333335,0.01951219512195122,0.1649048625792812,0.0298507462686567
san remo pasta sauce spinach fettuccine(mentah),0.2672514619883041,0.0125,0.012195121951219513,0.18816067653276958,0.0298507462686567
Ongol-ongol sagu,0.0649122807017544,0.00025,0.013170731707317074,0.044820295983086685,0.0
Mangga golek,0.00023391812865497077,0.052500000000000005,0.08146341463414634,0.0010570824524312897,0.0014925373134328
Indomie salted Egg,0.2807017543859649,0.009166666666666667,0.12195121951219512,0.11205073995771671,0.044776119402985
Sirup Sunquick Mango,0.026315789473684213,0.0,0.0,0.021141649048625793,0.0671641791044776
Sapi,0.058479532163742694,0.0010833333333333335,0.050731707317073174,0.26004228329809725,0.0059701492537313
Susu kental tak manis,0.08070175438596491,0.005833333333333334,0.03853658536585366,0.020930232558139538,0.0
Kucai,0.0005263157894736842,0.037500000000000006,0.05024390243902439,0.004651162790697675,0.0022388059701492
Tumis bandeng,0.0011111111111111111,0.1575,0.002926829268292683,0.02389006342494715,0.1171641791044776
Biji wijen,0.3350877192982456,0.014775000000000002,0.2422926829268293,0.049577167019027486,0.0
Domino Pizza Extravaganza,0.2280701754385965,0.014166666666666668,0.08780487804878048,0.08033826638477802,0.0223880597014925
Daun kacang panjang,0.0006432748538011696,0.025,0.02829268292682927,0.006553911205073996,0.0022388059701492
Kacang panjang,0.00029239766081871346,0.025833333333333337,0.025853658536585365,0.004862579281183933,0.0007462686567164
Terung panjang,0.00040935672514619883,0.020833333333333336,0.025853658536585365,0.004439746300211417,0.0007462686567164
Ubi jalar merah,0.0003508771929824561,0.12583333333333335,0.17268292682926828,0.003382663847780127,0.0022388059701492
Ubi jalar putih,0.00046783625730994154,0.07333333333333333,0.10048780487804879,0.0008456659619450318,0.0029850746268656
Pork Belly,0.30292397660818715,0.007783333333333334,0.25858536585365854,0.0,0.0
Nugget Ayam Akumo,0.19883040935672516,0.010833333333333334,0.09268292682926829,0.06342494714587738,0.0
NUtrijell Balanced Color Delima,0.0,0.0,0.0,0.0063424947145877385,0.0074626865671641
Ellenka Fiber Creme,0.005847953216374269,0.0,0.004878048780487805,0.004228329809725159,0.0
Teh pucuk harum,0.08187134502923976,0.0,0.0,0.07610993657505286,0.2686567164179104
Sambal cuk original cabe,0.0935672514619883,0.0008333333333333334,0.06341463414634146,0.019027484143763214,0.0223880597014925
Sambal cuk ikan roa asap,0.1286549707602339,0.0033333333333333335,0.0975609756097561,0.014799154334038056,0.0298507462686567
Ladaku Merica Bubuk,0.005847953216374269,0.0,0.0,0.004228329809725159,0.0
gerry salut malkist rasa chocolate,0.07602339181286549,0.0016666666666666668,0.024390243902439025,0.04016913319238901,0.0373134328358208
Lobster,0.04502923976608187,0.013766666666666667,0.0036585365853658534,0.0,0.0
Teh frestea,0.0935672514619883,0.0,0.0,0.08456659619450317,0.2686567164179104
Baked lotus paste mooncake,0.11169590643274854,0.0023166666666666665,0.04224390243902439,0.053657505285412264,0.0
Sushi hand roll unagi,0.08888888888888889,0.007500000000000001,0.029268292682926828,0.029598308668076112,0.0074626865671641
Sushi hand roll shrimp,0.052631578947368425,0.006666666666666667,0.00975609756097561,0.019027484143763214,0.003731343283582
Saboko gurita,0.00239766081871345,0.07250000000000001,0.012682926829268294,0.03319238900634249,0.0111940298507462
Coklat Ritter Sport Whole Almonds,0.08187134502923976,0.0025,0.04390243902439024,0.027484143763213533,0.0671641791044776
Daun paku,0.0007017543859649122,0.02416666666666667,0.03170731707317073,0.00718816067653277,0.0007462686567164
Ketimun krai,0.00029239766081871346,0.008333333333333333,0.00975609756097561,0.0010570824524312897,0.0014925373134328
Kranji,0.001695906432748538,0.2625,0.35853658536585364,0.004439746300211417,0.0104477611940298
Quaker 3 in 1,0.07017543859649122,0.0008333333333333334,0.014634146341463414,0.046511627906976744,0.0820895522388059
Ikan Teri,0.058479532163742694,0.017416666666666667,0.2926829268292683,0.5856236786469344,0.0134328358208955
Heavenly Kitchen Thai Tea Latte,0.058479532163742694,0.0008333333333333334,0.012195121951219513,0.04016913319238901,0.0
Milkita Assorted Milk Candy,0.008771929824561403,0.0,0.007317073170731707,0.029598308668076112,0.0671641791044776
Kundur,0.00040935672514619883,0.018333333333333333,0.022926829268292682,0.0008456659619450318,0.0014925373134328
Lempog durian,0.1871345029239766,0.002916666666666667,0.027804878048780488,0.13467230443974632,0.0
Saladstop Go Geisha,0.15157894736842104,0.011333333333333334,0.04682926829268293,0.06596194503171247,0.1186567164179104
beng beng shake it,0.026315789473684213,0.0008333333333333334,0.012195121951219513,0.012684989429175477,0.0
F1 Shake Mix,0.058479532163742694,0.007500000000000001,0.004878048780487805,0.027484143763213533,0.0
Tepung bumbu kobe kentucky super crispy,0.04093567251461988,0.0016666666666666668,0.0,0.029598308668076112,0.0074626865671641
Tepung bumbu kobe bakwan & perkedel,0.04093567251461988,0.0016666666666666668,0.0,0.03171247357293869,0.0074626865671641
Tepung bumbu kobe pisang goreng,0.04093567251461988,0.0008333333333333334,0.0,0.03382663847780127,0.0149253731343283
Tepung bumbu kobe bumbu kalasan,0.04093567251461988,0.0,0.0,0.03171247357293869,0.0223880597014925
Tepung bumbu kobe tempe goreng,0.04093567251461988,0.0016666666666666668,0.0,0.029598308668076112,0.0074626865671641
Ikan Bandeng Presto,0.0035087719298245615,0.24666666666666667,0.055121951219512196,0.03615221987315011,0.1514925373134328
Haverjoy Havermix Instant Oats & Choco Chips,0.014619883040935673,0.0033333333333333335,0.014634146341463414,0.052854122621564484,0.0
Haverjoy Rolled Oats,0.08187134502923976,0.0033333333333333335,0.01707317073170732,0.05073995771670191,0.0
Susu kedelai V Soy,0.10994152046783626,0.006666666666666667,0.041463414634146344,0.04439746300211417,0.1119402985074626
Soyjoy,0.08771929824561403,0.004166666666666667,0.04390243902439024,0.025369978858350954,0.0522388059701492
Soylicious sweetened,0.04093567251461988,0.005833333333333334,0.01707317073170732,0.012684989429175477,0.0
Keripik singkong bumbu,0.28128654970760236,0.0018333333333333335,0.09609756097560976,0.15560253699788584,0.0
Serimping talas kebumen,0.2795321637426901,0.0020833333333333333,0.10341463414634146,0.1463002114164905,0.0
Cadbury Dairy Milk Oreo,0.058479532163742694,0.0016666666666666668,0.05365853658536585,0.03594080338266385,0.0970149253731343
Top Avocado Coffee,0.052631578947368425,0.0008333333333333334,0.014634146341463414,0.03171247357293869,0.0746268656716417
Daun singkong ampenan,0.0007017543859649122,0.04166666666666667,0.03463414634146341,0.013107822410147992,0.0082089552238805
Pisang mas bali ampenan,0.00029239766081871346,0.07666666666666667,0.1024390243902439,0.002959830866807611,0.0014925373134328
Lawar penyu,0.0009356725146198831,0.11750000000000001,0.037073170731707315,0.048625792811839326,0.0111940298507462
Daun gunda serang,0.0006432748538011696,0.05166666666666667,0.0448780487804878,0.008879492600422834,0.0067164179104477
Penyu,0.058479532163742694,0.001,0.06390243902439025,0.3678646934460888,0.0164179104477611
Anlene (cokelat),0.07894736842105263,0.005833333333333334,0.014634146341463414,0.04439746300211417,0.1492537313432835
Energen sereal cokelat,0.07602339181286549,0.0008333333333333334,0.01707317073170732,0.048625792811839326,0.126865671641791
Nutrive Benecol,0.03508771929824561,0.0008333333333333334,0.00975609756097561,0.019027484143763214,0.0298507462686567
Sale kesemek,0.17309941520467836,0.0009166666666666668,0.002926829268292683,0.15095137420718818,0.0
buah pir / pear,0.03333333333333333,0.00030000000000000003,0.0006829268292682927,0.032198731501057086,0.0
Ikan salmon,0.10467836257309941,0.016608333333333333,0.0508780487804878,0.0,0.0
Ikan Pepetek,0.01672514619883041,0.14666666666666667,0.00975609756097561,0.06765327695560254,0.0328358208955223
A&W Root beer float,0.20467836257309943,0.0016666666666666668,0.024390243902439025,0.16279069767441862,0.4776119402985074
Indomie tengkleng,0.20467836257309943,0.007500000000000001,0.06829268292682927,0.09513742071881608,0.0149253731343283
V-soy Multigrain,0.08070175438596491,0.0045000000000000005,0.029268292682926828,0.032135306553911204,0.1044776119402985
Sukiyaki,0.00046783625730994154,0.0625,0.05951219512195122,0.011839323467230444,0.0029850746268656
Jules drestrooper speculoos,0.31871345029239767,0.0025,0.17073170731707318,0.11205073995771671,0.3059701492537313
Balingo,0.00017543859649122806,0.0125,0.014634146341463414,0.0008456659619450318,0.0014925373134328
Daun gunda bali,0.0006432748538011696,0.04166666666666667,0.03414634146341464,0.009725158562367865,0.0067164179104477
Kacang ranti polong,0.021637426900584796,0.0025833333333333337,0.000975609756097561,0.016701902748414377,0.0
Jambu biji putih tidak berbiji,0.03567251461988304,0.00075,0.0014634146341463415,0.03255813953488372,0.0
Kerbau,0.058479532163742694,0.0006666666666666668,0.09121951219512195,0.16701902748414377,0.0
Ikan Terbang,0.0009356725146198831,0.08166666666666667,0.004878048780487805,0.04143763213530656,0.0126865671641791
Bluberry,0.18538011695906434,0.0020833333333333333,0.012195121951219513,0.16913319238900634,0.0
Selai Smucker's Blueberry,0.029239766081871347,0.0,0.0,0.027484143763213533,0.0895522388059701
Gilus mix aroma vanila (isi 10 sachet),0.052631578947368425,0.0008333333333333334,0.0024390243902439024,0.04439746300211417,0.126865671641791
Petai,0.0006432748538011696,0.07666666666666667,0.07414634146341463,0.01141649048625793,0.0082089552238805
Nagasari,0.09005847953216374,0.0017416666666666668,0.014,0.06395348837209303,0.0
Petis ikan,0.09649122807017545,0.016666666666666666,0.000975609756097561,0.04397463002114165,0.0
Petis udang kering,0.2017543859649123,0.019833333333333335,0.006829268292682927,0.12536997885835094,0.0
Saus Curry,0.04093567251461988,0.0008333333333333334,0.02195121951219512,0.014799154334038056,0.0373134328358208
Bihunku white curry,0.1286549707602339,0.0016666666666666668,0.029268292682926828,0.08033826638477802,0.0298507462686567
Steamed Beancurd Sheet Roll,0.08771929824561403,0.0051666666666666675,0.058536585365853655,0.0063424947145877385,0.0
Froot Loops,0.07017543859649122,0.0016666666666666668,0.0024390243902439024,0.054968287526427066,0.0820895522388059
Mcfloat,0.06257309941520468,0.0008666666666666667,0.05380487804878049,0.002875264270613108,0.0
Daun mangkokan,0.0012865497076023392,0.0475,0.0575609756097561,0.007822410147991544,0.0022388059701492
Kokosan,0.00011695906432748539,0.07166666666666667,0.06341463414634146,0.003382663847780127,0.0014925373134328
Coolant minuman,0.058479532163742694,0.0,0.0,0.052854122621564484,0.1716417910447761
Etira singkong stik,0.09941520467836258,0.0008333333333333334,0.004878048780487805,0.08456659619450317,0.0
Kacang merah kering,0.18362573099415205,0.018416666666666668,0.005365853658536586,0.11881606765327697,0.0
Sariroti roti sobek coklat,0.21637426900584797,0.005833333333333334,0.06341463414634146,0.11839323467230445,0.126865671641791
Roti Mr.Bread sobek keju,0.11695906432748539,0.004166666666666667,0.029268292682926828,0.06976744186046512,0.0
Roti Sobek Cokelat Keju Sari Roti,0.20467836257309943,0.007500000000000001,0.058536585365853655,0.10782241014799154,0.1194029850746268
Domba,0.058479532163742694,0.0010833333333333335,0.08097560975609756,0.21141649048625794,0.0074626865671641
YUPI BOLICIOUS VERY STRAWBERRY,0.029239766081871347,0.0008333333333333334,0.0,0.025369978858350954,0.0
Yupi Fruit Bites,0.0,0.0008333333333333334,0.0,0.025369978858350954,0.044776119402985
Ikan Dendeng mujahir,0.00824561403508772,0.48500000000000004,0.18146341463414636,0.14439746300211417,0.1134328358208955
Dendeng mujahir goreng,0.0076608187134502926,0.49833333333333335,0.0448780487804878,0.15708245243128965,0.2007462686567164
chicken nugget,0.1736842105263158,0.012983333333333335,0.09180487804878049,0.034503171247357294,0.0
belfoods chicken Nugget crunch,0.1695906432748538,0.0125,0.09268292682926829,0.03171247357293869,0.0
Champ Combination Chicken Nugget,0.052631578947368425,0.01,0.0975609756097561,0.016913319238900635,0.0
Selada,0.0005263157894736842,0.015000000000000001,0.014146341463414635,0.002536997885835095,0.0014925373134328
Selada rebus,0.011111111111111112,0.0022500000000000003,0.000975609756097561,0.00613107822410148,0.0
Teri belado,0.006374269005847953,0.3041666666666667,0.08536585365853659,0.05010570824524313,0.1664179104477612
Daun lobak,0.0008187134502923977,0.025,0.02829268292682927,0.004862579281183933,0.0029850746268656
Lobak,0.00040935672514619883,0.0175,0.02048780487804878,0.0019027484143763216,0.0007462686567164
Swallow Globe Agar Agar Bubuk Vanilla,0.0029239766081871343,0.0,0.0,0.004228329809725159,0.0
Saboko saltan,0.00017543859649122806,0.09416666666666668,0.014634146341463414,0.03615221987315011,0.026865671641791
Saboko sardin,0.004619883040935673,0.09166666666666667,0.023902439024390244,0.027272727272727275,0.0320895522388059
Lawar babi,0.0007017543859649122,0.14500000000000002,0.014634146341463414,0.03594080338266385,0.0746268656716417
Lawara jangang,0.0009356725146198831,0.1325,0.049268292682926824,0.010570824524312896,0.0813432835820895
susu anlene gold plus Hi-Calsium,0.005847953216374269,0.005,0.004878048780487805,0.042283298097251586,0.0
A&W,0.09941520467836258,0.0,0.0,0.09090909090909091,0.3208955223880597
A&W root beer,0.1695906432748538,0.0,0.0,0.1649048625792812,0.5597014925373134
A&W burger mozza,0.3216374269005848,0.020833333333333336,0.16097560975609757,0.09090909090909091,0.0895522388059701
A&W Burger cheeseburger,0.2327485380116959,0.0125,0.1024390243902439,0.0824524312896406,0.0671641791044776
V-soy Soya bean Milk Low Sugar,0.03274853801169591,0.0022500000000000003,0.013170731707317074,0.010993657505285413,0.0164179104477611
Prenagen Esensis,0.08771929824561403,0.005,0.004878048780487805,0.0613107822410148,0.0
Pisang ketip,0.00040935672514619883,0.12083333333333333,0.16829268292682928,0.0023255813953488376,0.0022388059701492
Kacang tanah rebus dengan kulit,0.2105263157894737,0.011250000000000001,0.1521951219512195,0.027061310782241017,0.0
